name,city,country,gender
Michelle Cox,Sidomulyo Kulon,Indonesia,F
Diane Stevens,Alcaria,Portugal,F
Tammy Garza,Bronnitsy,Russia,F
Susan Ferguson,Palilula,Serbia,F
Kathryn Morrison,Wenbi,China,F
Cynthia Greene,Klumpit,Indonesia,F
Jason Burns,Veliko Tŭrnovo,Bulgaria,M
Ronald Lynch,Liyuan,China,M
Phyllis Reed,Al Qubbah,Libya,F
Debra Davis,Tengah,Indonesia,F
Timothy Sanders,Åkersberga,Sweden,M
Walter Harris,Binglincha,China,M
Raymond Howard,Sindangsari,Indonesia,M
Philip Phillips,Balbalan,Philippines,M
Todd Reynolds,Aragarças,Brazil,M
Peter Murphy,Dazu,China,M
Carlos Day,Callahuanca,Peru,M
Andrew Griffin,Värnamo,Sweden,M
Joseph Russell,Oslo,Norway,M
Nicholas Cook,Jixiang,China,M
Carol Gibson,Wydminy,Poland,F
Gerald Green,Xinjiezhen,China,M
Brandon Stevens,Khrebtovaya,Russia,M
Arthur Riley,Ambulong,Philippines,M
Willie Smith,Upi,Philippines,M
Anne Richardson,San Fabian,Philippines,F
Kathryn Hawkins,Thị Trấn Yên Thế,Vietnam,F
Katherine Wells,Straszydle,Poland,F
Irene Gomez,Prokhladnyy,Russia,F
Judy Austin,Forbach,France,F
Katherine Sanchez,Bulo,Philippines,F
Betty Cruz,Tršić,Serbia,F
Diane Murray,Japerejo,Indonesia,F
Gregory Rivera,Puncakwangi,Indonesia,M
Kathryn Garza,Sangpi,China,F
Chris Mcdonald,Umbanyar,Indonesia,M
Billy Wells,Kumla,Sweden,M
James Peters,Donja Mahala,Bosnia and Herzegovina,M
Douglas Richards,Mudian,China,M
Howard Powell,Barretos,Brazil,M
Craig Burton,Xing’an,China,M
Bobby Wallace,Linhares,Brazil,M
Phillip Grant,Ystad,Sweden,M
Harold West,Jianli,China,M
Eric Olson,Roches Noire,Mauritius,M
Gary Alexander,Savonranta,Finland,M
Melissa Frazier,Jinji,China,F
Louis Hall,Atescatempa,Guatemala,M
Albert Arnold,Sabang,Philippines,M
Julia Fisher,Ar Rudayyif,Tunisia,F
Mary Smith,Kabin Buri,Thailand,F
Carol Hunter,Tambakrejo,Indonesia,F
John Allen,Huazhou,China,M
Phyllis Ferguson,Milanówek,Poland,F
Susan Gonzalez,Sumuragung,Indonesia,F
Laura Young,Kedungasem,Indonesia,F
Rose Foster,Gonābād,Iran,F
Andrea Gilbert,Çlirim,Albania,F
Clarence Butler,Enköping,Sweden,M
Bonnie Jenkins,Kuala Lumpur,Malaysia,F
Gregory Mason,Pasar Kulon,Indonesia,M
Phyllis Armstrong,Mandeni,South Africa,F
Harry Smith,Malusay,Philippines,M
Earl Ramirez,Dulian,Philippines,M
Benjamin Cole,Lunenburg,Canada,M
Andrew Ryan,Tianbao,China,M
Bobby Simmons,Myingyan,Myanmar,M
Betty Elliott,Pengdian,China,F
Julie Powell,Gonghe,China,F
Donald Sanchez,Usquil,Peru,M
Nicole Foster,Nangkaruka,Indonesia,F
Sean Palmer,Karviná,Czech Republic,M
Billy Perkins,Nanzamu,China,M
Mary Kim,Magang,China,F
Victor Chapman,Xianglan,China,M
Diane Sanchez,Chita,Russia,F
Eugene Baker,Ucuncha,Peru,M
Anthony Ward,Póvoa de Santo António,Portugal,M
Terry Reynolds,Makato,Philippines,M
Amy Hamilton,Sorang,Kazakhstan,F
Heather Chavez,Gustavia,Saint Barthelemy,F
Judith Gutierrez,San Luis,Colombia,F
Roy Carroll,Vicente Guerrero,Mexico,M
Jessica Garza,Santo Estêvão,Brazil,F
Debra Wagner,København,Denmark,F
Gerald Reyes,Rivadavia,Argentina,M
Jason Moreno,Oktyabr’sk,Kazakhstan,M
Justin Carr,Chiquinquirá,Colombia,M
Kathryn Hudson,Marale,Honduras,F
Julia King,Eastern Suburbs Mc,Australia,F
Jason Lawrence,Dū Qal‘ah,Afghanistan,M
Angela Stevens,Labuhanjambu,Indonesia,F
Kathy Moreno,Severnoye,Russia,F
Janice Young,Nueva Requena,Peru,F
Walter Ferguson,Marston,United Kingdom,M
Sara Gibson,Erjiegou,China,F
Ronald Brooks,Lughaye,Somalia,M
Carlos Cunningham,‘Ayn an Nasr,Syria,M
Betty Harrison,Hamburg Bramfeld,Germany,F
Anne Carr,Hwacheon,South Korea,F
Christina Perry,Monteros,Argentina,F
Emily Jordan,Woerden,Netherlands,F
Susan Little,Buenavista,Mexico,F
Keith Mendoza,Badulla,Sri Lanka,M
Martin Stephens,Breia,Portugal,M
Larry Mitchell,Cipolletti,Argentina,M
Antonio Arnold,Manzherok,Russia,M
Karen Freeman,Lastoursville,Gabon,F
Irene Green,Wuyang,China,F
Alice Duncan,Álli Meriá,Greece,F
Carolyn Long,Concepción de Ataco,El Salvador,F
Willie Hawkins,Hetai,China,M
Ronald Hall,Storozhnytsya,Ukraine,M
Andrew Owens,Hongshi,China,M
Susan Garcia,Konstantinovsk,Russia,F
Anna Green,Vaitogi,American Samoa,F
Kathryn Turner,Barbacena,Brazil,F
Margaret Daniels,Ekou,China,F
Tina Wheeler,Changuinola,Panama,F
Keith Mccoy,Yangshuo,China,M
Carolyn Olson,Kutamandarakan,Indonesia,F
Albert Barnes,Halmstad,Sweden,M
Martha Hunter,Giồng Riềng,Vietnam,F
Albert Frazier,Dunkerque,France,M
Gary Murray,Smedjebacken,Sweden,M
Lois Hill,Vangaži,Latvia,F
Ryan Armstrong,Magisterial,Mexico,M
Stephanie Shaw,Lianzhou,China,F
Thomas Cunningham,Figueiras,Portugal,M
Christopher Moreno,Rrapë,Albania,M
Phillip Day,Deauville,France,M
Anne Nichols,Krajan Siki,Indonesia,F
Martin Henry,Pskov,Russia,M
Brian Barnes,Jimaguayú,Cuba,M
Joshua Moore,Suure-Jaani,Estonia,M
Martha Rodriguez,Wichita,United States,F
Janice Murphy,Karangsuko,Indonesia,F
Jeremy Stevens,Tangcun,China,M
Amanda Jones,Quetigny,France,F
Janet Duncan,Sangmu,China,F
Benjamin Sanchez,Bone South,Philippines,M
Edward Hart,Jongorsari,Indonesia,M
Gregory Oliver,Nantes,France,M
Margaret Weaver,Banjar Medura,Indonesia,F
Denise Lee,Nancang,China,F
Brian Gonzales,Rogóźno,Poland,M
Gloria Shaw,Damietta,Egypt,F
Bonnie Lynch,Casal de São João,Portugal,F
Tammy Gibson,Cigebrok,Indonesia,F
Melissa Gray,San Isidro,Mexico,F
Gary Mills,Verona,Italy,M
Michelle Gibson,København,Denmark,F
Ryan Williamson,Mora,Sweden,M
Lisa Ortiz,Washington,United States,F
Gloria Mills,Tallkalakh,Syria,F
James Dean,São Mateus,Portugal,M
Deborah Harvey,Pomar,Portugal,F
Nicholas Dunn,Namwala,Zambia,M
Diana Meyer,Janikowo,Poland,F
Steven Mills,Chorente,Portugal,M
Harold Price,Boyang,China,M
Jacqueline Larson,Terjan,Indonesia,F
Raymond Fox,Xingdian,China,M
Roy Garcia,Malibago,Philippines,M
Jacqueline Ford,Finiq,Albania,F
Sean Boyd,Michałów,Poland,M
Jesse Austin,Podgornoye,Russia,M
Daniel Gardner,Ruoqiang,China,M
Janet Grant,Cauto Cristo,Cuba,F
Maria Wilson,Bacacay,Philippines,F
Douglas George,Miskindzha,Russia,M
Adam Watkins,Saarbrücken,Germany,M
Joe Peters,Juexi,China,M
Janice Parker,Rudziczka,Poland,F
Kathryn Oliver,Krebetkrajan,Indonesia,F
Nicholas Porter,Tanshi,China,M
Norma Kennedy,San Lorenzo,Guatemala,F
Jose Morgan,Ferbane,Ireland,M
Helen Martinez,Caeté,Brazil,F
Carl Bradley,Pehčevo,Macedonia,M
Jacqueline Dunn,Mingoyo,Tanzania,F
Matthew Gutierrez,Budzów,Poland,M
Antonio Williamson,Przodkowo,Poland,M
Norma Wilson,Philadelphia,United States,F
Kevin Little,Orguz,Bosnia and Herzegovina,M
Jessica Arnold,Taipingzhuang,China,F
Tammy Cruz,Xiangrong,China,F
Charles Chapman,Vel’sk,Russia,M
Aaron Garrett,Cingambul,Indonesia,M
Michael Fox,Punta Gorda,Belize,M
Katherine Spencer,Chapultepec,Mexico,F
Antonio Cox,Qingban,China,M
Bobby Olson,Youghal,Ireland,M
Ernest Gonzales,Getafe,Spain,M
Kathryn Gibson,Huya,China,F
Christine Frazier,Pampas,Peru,F
Billy Ramos,Labog,Philippines,M
Kimberly Schmidt,Mitsukaidō,Japan,F
Diane Jackson,Komsomolets,Kazakhstan,F
Bobby Gordon,Bol’shoy Kamen’,Russia,M
Todd White,Pindi Bhattiān,Pakistan,M
Carlos Alvarez,Ichupampa,Peru,M
Justin Crawford,Maiwal,Indonesia,M
Carol Arnold,Jiabei,China,F
Alice Romero,Bobigny,France,F
Jonathan Fields,Le Raincy,France,M
Kimberly Tucker,Wudan,China,F
Dorothy Gonzales,Kamen’-na-Obi,Russia,F
Evelyn Collins,Wuyang,China,F
Benjamin Greene,Manzini,Swaziland,M
Gregory Bennett,Shilong,China,M
Raymond Johnson,Chengdong,China,M
Howard Nelson,Ban Muang,Thailand,M
Frances Peters,Sembalunbumbung,Indonesia,F
Jeffrey Garrett,Kafachan,Nigeria,M
Matthew Foster,Jezzîne,Lebanon,M
Louise Morales,Čačak,Serbia,F
Donna Schmidt,Fort Wayne,United States,F
Jacqueline Henry,Tangdukou,China,F
Jane Bradley,Were,Indonesia,F
Chris Smith,Boka,Serbia,M
Russell Cooper,Santo Antônio de Posse,Brazil,M
Andrea Dean,Vinnytsya,Ukraine,F
Albert Williams,Layu,China,M
Joe Bishop,Shetangpo,China,M
Carolyn Morrison,Shuangxiqiao,China,F
Bruce Ramirez,Dunhou,China,M
Adam Burton,Bukowiec,Poland,M
Pamela Alvarez,Fenyan,China,F
Deborah Mendoza,Ximafang,China,F
Doris Fowler,Groblersdal,South Africa,F
Nicholas Ortiz,Xieji,China,M
Susan Lynch,Urrô,Portugal,F
Carol Hall,Namysłów,Poland,F
Katherine Palmer,Al Hilāliyya,Sudan,F
Joan Ortiz,Akat Amnuai,Thailand,F
Martha Walker,Fort Dauphin,Madagascar,F
Margaret Perry,Tarutung,Indonesia,F
Raymond Garza,Abadiânia,Brazil,M
Benjamin Boyd,Mangarine,Philippines,M
Sharon Hill,Celeirós,Portugal,F
Lisa Johnston,Dmitriyevskoye,Russia,F
Jesse King,Palecenan,Indonesia,M
Jonathan Burke,Yanmenguan,China,M
George Grant,Juhaynah,Egypt,M
Frank Cooper,Papelón,Venezuela,M
Julie Bryant,Sobhādero,Pakistan,F
Earl Berry,Štitar,Croatia,M
Steve Fuller,Beit Jann,Israel,M
Kelly Collins,Huichang,China,F
Teresa Riley,Eaton,United Kingdom,F
Bobby Cunningham,Vrbas,Serbia,M
Gloria Thomas,Jalasenga,Indonesia,F
Michelle Wilson,Doropeti,Indonesia,F
Irene Spencer,Aţ Ţīrah,Palestinian Territory,F
Craig Vasquez,Varybóbi,Greece,M
Ruth Tucker,Paris 10,France,F
Ruby Warren,Lages,Portugal,F
Kathy Murphy,Yongfeng,China,F
Justin Mcdonald,Guandukou,China,M
Betty Brown,Namioka,Japan,F
Kathryn Perkins,Motala,Sweden,F
Alan Lawrence,Bente,Indonesia,M
Doris Howard,Binjiang,China,F
Bobby Mcdonald,Yasenskaya,Russia,M
Alan Fowler,Masape,Indonesia,M
Kathy Alexander,Peuara,Indonesia,F
Linda Sims,San Roque,Philippines,F
Jane Peterson,Luhe,China,F
Susan Gomez,Pariti,Indonesia,F
Norma Green,Utrecht (stad),Netherlands,F
Harold Bryant,Haykashen,Armenia,M
Angela Fox,Livádion,Greece,F
Heather Greene,Tulsa,United States,F
Michelle Fernandez,Eindhoven,Netherlands,F
Larry Lewis,Valuyki,Russia,M
Johnny Porter,Sukarama,Indonesia,M
Elizabeth Hansen,Izingolweni,South Africa,F
Jose Lee,Photharam,Thailand,M
Dennis Ellis,Oesapa,Indonesia,M
Patrick Watkins,Dobrljin,Bosnia and Herzegovina,M
Tina Young,Qiligang,China,F
Angela Medina,Broniszewice,Poland,F
Roy Holmes,Abuochiche,Nigeria,M
Pamela Mills,Néa Pélla,Greece,F
Matthew Welch,Kiloloran,Philippines,M
Gary Rice,Carora,Venezuela,M
Jerry Cooper,Bolo,Philippines,M
Jason Davis,Skidal’,Belarus,M
Margaret Ramos,Itaí,Brazil,F
Keith Daniels,Bichena,Ethiopia,M
Aaron Moore,Tëplaya Gora,Russia,M
Tammy Boyd,Florencia,Colombia,F
Christine Bryant,Palmeira,Brazil,F
Jimmy Ramos,Osekovo,Croatia,M
Debra Fowler,Sandefjord,Norway,F
Terry Vasquez,Évora,Portugal,M
Evelyn Rivera,Dimona,Israel,F
Lori Nichols,Miyazaki-shi,Japan,F
Michelle Clark,Agriá,Greece,F
Carl Gutierrez,Calvinia,South Africa,M
Gary Brown,La Soledad,Mexico,M
Norma Dunn,Kasui,Indonesia,F
Bruce Johnston,Wakaseko,Indonesia,M
Ruby Cruz,Longtanhe,China,F
James Jenkins,Kohāt,Pakistan,M
Martin King,Jenggawah,Indonesia,M
Robert Murray,Ban Thai Tan,Thailand,M
Janice Burke,Lamas,Portugal,F
Timothy Smith,Opuwo,Namibia,M
Teresa Walker,Saint David’s,Grenada,F
Michelle Larson,Karlstad,Sweden,F
Frank Wallace,Banyo,Cameroon,M
Lillian Harrison,Juan L. Lacaze,Uruguay,F
Phyllis Diaz,Mali Iđoš,Serbia,F
Scott Fields,Adamstown,Pitcairn,M
Kelly Stanley,Nantuo,China,F
Doris Spencer,Murovanoye,Ukraine,F
Annie Bailey,Greensboro,United States,F
Jimmy Dean,Carpentras,France,M
Sarah Murphy,Jasper Park Lodge,Canada,F
Anthony Clark,Cauday,Peru,M
Elizabeth King,Bojongaren,Indonesia,F
Todd Simpson,Yên Lạc,Vietnam,M
Margaret Flores,Nyagla,China,F
James Daniels,Garissa,Kenya,M
Betty Oliver,Apalit,Philippines,F
Roger Moreno,Lindome,Sweden,M
Karen Hill,Daingean,Ireland,F
Kimberly Sanders,Chojnów,Poland,F
Kathleen Carr,Bingfang,China,F
Justin Evans,Pandaan,Indonesia,M
Jessica Medina,Hal’shany,Belarus,F
Sean Cook,Topolovgrad,Bulgaria,M
William Peters,Madur,Indonesia,M
Christina Spencer,Wenxing,China,F
Walter Fuller,Jiangjing,China,M
Victor Warren,Mayingzhuang,China,M
Barbara Perry,Liulin,China,F
Russell Myers,Novoishimskiy,Kazakhstan,M
Dennis Thompson,Jianghua,China,M
Margaret Nguyen,Dayr Abū Ḑa‘īf,Palestinian Territory,F
Christine Dunn,San Antonio,Chile,F
Justin Kelly,Kalyny,Ukraine,M
Patrick Tucker,Przemęt,Poland,M
Jennifer Meyer,Liji,China,F
Robert Cole,Sidu,China,M
Julia Olson,Horta,Portugal,F
Robin Boyd,Tubigan,Philippines,F
Brenda James,Sindangan,Philippines,F
Elizabeth Williams,Fartura,Brazil,F
Angela Garza,Beiyang,China,F
Heather Bailey,Polje,Bosnia and Herzegovina,F
Alice Flores,Namp’o,North Korea,F
Rose Lawson,Las Vegas,United States,F
Diana Anderson,Mercaderes,Colombia,F
Russell Elliott,Tieshan,China,M
Donna Bailey,Lyantonde,Uganda,F
Joe Gray,Bil‘īn,Palestinian Territory,M
Cynthia Burns,Xianshui,China,F
Howard Hart,Pallasovka,Russia,M
Nicole Scott,San Ramón,Peru,F
Douglas Nichols,Shijing,China,M
Larry Wells,Stockholm,Sweden,M
Terry Payne,Bojongaren,Indonesia,M
Carol Murphy,Intipucá,El Salvador,F
Kevin Alexander,Raychikhinsk,Russia,M
Janice Martin,Chornukhyne,Ukraine,F
Karen Walker,Tongliao,China,F
Paula Wood,Orléans,France,F
Phyllis Martinez,Mont-Tremblant,Canada,F
Phyllis Davis,Lakeland,United States,F
Bobby Fernandez,Xihu,China,M
Christine Stewart,Vlycháda,Greece,F
Kelly Fox,Paris 15,France,F
Ann Kelly,Puerto Madryn,Argentina,F
Lori Reynolds,Triolet,Mauritius,F
Diane Adams,Gävle,Sweden,F
Anne Gonzalez,Benito Juarez,Mexico,F
Mildred Armstrong,Otra Banda,Dominican Republic,F
Joseph Banks,Koski Tl,Finland,M
Lois Smith,Panjiawan,China,F
Cheryl Coleman,Cidahu,Indonesia,F
Angela Fields,Kuroishi,Japan,F
Janice Hawkins,Zengjia,China,F
Gary Robertson,Västervik,Sweden,M
Evelyn Burke,Las Palmas,Mexico,F
Philip Lane,Ma‘arrat an Nu‘mān,Syria,M
Mark Hunter,Uyugan,Philippines,M
Mark Schmidt,Ishurdi,Bangladesh,M
Amanda Fisher,Songnan,China,F
Gregory Bowman,Petaẖ Tiqwa,Israel,M
George Cole,Dongzaogang,China,M
Denise Rivera,Dagua,Colombia,F
Larry Montgomery,Xiaozhen,China,M
Stephanie Hart,Nurlat,Russia,F
Barbara Burton,Patos Fshat,Albania,F
Martha Griffin,Brooklyn,United States,F
Charles Payne,Yungaisi,China,M
Henry Robinson,Dayuan,China,M
Lillian Armstrong,Stetseva,Ukraine,F
Ruby Hanson,Tinambacan,Philippines,F
Karen Johnson,Niutang,China,F
Frances Medina,Kendari,Indonesia,F
Paul Bennett,Limoges,France,M
William Nelson,Odiongan,Philippines,M
Scott Baker,Malešići,Bosnia and Herzegovina,M
Sean Henderson,Gocoton,Philippines,M
Kelly Cunningham,Macatuba,Brazil,F
Linda Stone,Bystřice nad Pernštejnem,Czech Republic,F
Sandra Mitchell,Semënov,Russia,F
David Weaver,Rízoma,Greece,M
Ralph Bell,Wanmu,China,M
Walter Andrews,Alvalade,Portugal,M
Gregory Jenkins,Vila Pouca da Beira,Portugal,M
Wanda Henry,Lípa,Czech Republic,F
John Rogers,Teculután,Guatemala,M
Melissa Palmer,Lanigan,Canada,F
Anne Jenkins,Suncun,China,F
Lawrence Wagner,Sijunjung,Indonesia,M
Barbara Arnold,Klek,Serbia,F
Angela Wagner,Chiba,China,F
Samuel Black,Caxias,Brazil,M
Walter Shaw,Shanjiang,China,M
Samuel Harris,Shingū,Japan,M
Catherine Mccoy,Piracuruca,Brazil,F
Joan Meyer,Xing’an,China,F
Eric Webb,Cibodas,Indonesia,M
Christina Black,Jiaotang,China,F
Earl Ortiz,Alīpur,Pakistan,M
Betty Young,Novobiryusinskiy,Russia,F
Stephen Fisher,Pierzchnica,Poland,M
Anne Stevens,Thívai,Greece,F
Brenda Kim,Konstantinovo,Russia,F
Samuel Flores,Masons Bay,Bahamas,M
Cheryl Burns,Talaibon,Philippines,F
Anna Mason,Debre Werk’,Ethiopia,F
Linda Olson,Tianfu,China,F
Michelle Miller,Gapluk,Indonesia,F
Lillian Franklin,Purut,Indonesia,F
Stephen Gonzales,Shizukuishi,Japan,M
Roger Meyer,Guling,China,M
Adam Perry,Itumbiara,Brazil,M
Irene Arnold,Bazar-Korgon,Kyrgyzstan,F
Fred Robinson,Bentiu,South Sudan,M
Lillian Ruiz,Ji’an,China,F
Janice Perkins,Dolna Banjica,Macedonia,F
Michael Cox,Vetlanda,Sweden,M
Louis Hawkins,Santa Cecília,Brazil,M
Doris Mills,Daleman,Indonesia,F
Justin Woods,Houjie,China,M
Teresa Rivera,Mamedkala,Russia,F
Brandon Richardson,Qadsīyā,Syria,M
Justin Nguyen,Kongsvinger,Norway,M
Brandon Carpenter,Toktogul,Kyrgyzstan,M
Emily Brown,Kaustinen,Finland,F
Lillian Stanley,Tembol,Indonesia,F
Phyllis Lewis,Kota Kinabalu,Malaysia,F
Ronald Morales,Yongfu,China,M
Joseph Edwards,Nova Odessa,Brazil,M
Larry Carr,Trondheim,Norway,M
Virginia Stone,Ananindeua,Brazil,F
Carolyn Gonzalez,Puqian,China,F
Craig Howell,Muhos,Finland,M
Jeremy Mills,Pedregulho,Brazil,M
Robert Carr,Victoria,El Salvador,M
Kevin Vasquez,Woodford Hill,Dominica,M
Gloria Collins,Wanshan,China,F
Julia Wright,Ferme-Neuve,Canada,F
Marie Phillips,Los Juríes,Argentina,F
Dorothy Burke,La Colorada,Panama,F
Shirley Bradley,Aromashevo,Russia,F
Carol Mills,Longba,China,F
Carol Banks,Al Manşūrah,Egypt,F
Virginia Palmer,Bécancour,Canada,F
Fred Mills,Hedong,China,M
Lois Webb,Trashigang,Bhutan,F
Peter Bishop,Stąporków,Poland,M
Ralph Hall,Sāh,Yemen,M
Ashley Hall,Kungsör,Sweden,F
David Murphy,Vis,Croatia,M
Michael Day,Ruteng,Indonesia,M
Martin Elliott,Aristóbulo del Valle,Argentina,M
Aaron Ross,Fayzabad,Afghanistan,M
Dorothy Black,Pittsburgh,United States,F
Louise Hart,Christchurch,New Zealand,F
Johnny Woods,Mentaraman Satu,Indonesia,M
Justin Washington,Aguada de Pasajeros,Cuba,M
Rose Armstrong,Karanggeneng,Indonesia,F
Nicholas Berry,Lons-le-Saunier,France,M
John Wilson,Mourelos,Portugal,M
Rebecca Ross,Teluk Pinang,Indonesia,F
Bruce Kelley,Lynn,United States,M
Gerald Little,Xintian,China,M
Marie Mcdonald,Zhangwan,China,F
Joseph Reed,Tangkanpulit,Indonesia,M
Fred Gray,San Jose,United States,M
Dennis Morales,Jimaguayú,Cuba,M
Lois Jenkins,Wantan,China,F
Maria Nguyen,Žabčice,Czech Republic,F
Raymond Ramirez,Giedlarowa,Poland,M
Jane Murphy,Pasonobenu,Indonesia,F
Daniel Allen,Khvatovka,Russia,M
Heather Elliott,Luobuqiongzi,China,F
Joyce Chavez,København,Denmark,F
Charles Olson,Benoy,Chad,M
Stephanie Burke,Xintai,China,F
Emily Russell,Bechlín,Czech Republic,F
Kathryn Garrett,Sacramento,United States,F
Larry Fernandez,Fontem,Cameroon,M
Earl Vasquez,Stepojevac,Serbia,M
Walter Dixon,Gaplek,Indonesia,M
Raymond Myers,Kusak,Russia,M
Gerald Carroll,Colosó,Colombia,M
Marilyn Burke,Krajan Demit,Indonesia,F
Charles Fernandez,Estevan,Canada,M
Aaron Freeman,Longxing,China,M
Michelle Oliver,Wat Sing,Thailand,F
Doris Stone,Mendes,Brazil,F
Dennis Bradley,Dayeuhluhur,Indonesia,M
Jimmy Burke,Carnot,Central African Republic,M
Rachel Boyd,Az Zintān,Libya,F
Barbara Peters,Balabag,Philippines,F
Michelle Sullivan,Głuchów,Poland,F
Patricia Grant,General Luna,Philippines,F
Evelyn Wagner,Huolongping,China,F
William Reid,Qaşr Hallāl,Tunisia,M
Ann Mitchell,Rimpakgede,Indonesia,F
Joe Washington,Bol,Chad,M
Harold Perez,Capioví,Argentina,M
William Kennedy,Abóboda,Portugal,M
Michelle Coleman,Mayong,China,F
Jonathan George,Nyazepetrovsk,Russia,M
Sarah Woods,Särevere,Estonia,F
Jacqueline Stanley,Hetian,China,F
Lillian Hudson,Warungawi,Indonesia,F
Teresa Bennett,Furukawa,Japan,F
Bruce Howard,Gueset,Philippines,M
Todd Mendoza,Dongba,China,M
Diane Daniels,Togu,Indonesia,F
Jean Miller,Tong’an,China,F
Nicole Allen,Utajärvi,Finland,F
Nancy Parker,Marly-le-Roi,France,F
Joe Pierce,Mount Ayliff,South Africa,M
Jacqueline Little,Sumberejo,Indonesia,F
Bonnie Rogers,Daszewice,Poland,F
Clarence Little,Rubizhne,Ukraine,M
Denise Griffin,Simunul,Philippines,F
Andrew Fields,Nijmegen,Netherlands,M
Jacqueline Graham,Kananya,Philippines,F
Carl Peterson,Delong,China,M
Denise Ford,Zhushan Chengguanzhen,China,F
Lori Hill,Xiaoying,China,F
Heather Smith,Lāchi,Pakistan,F
Jennifer Sanchez,Alençon,France,F
Anne Fernandez,Kagadi,Uganda,F
Dorothy Bell,Hostavice,Czech Republic,F
Carol James,Mała Wieś,Poland,F
Phyllis Griffin,Los Frentones,Argentina,F
Andrew Payne,Baiima,Sierra Leone,M
Carl Torres,Slovenski Javornik,Slovenia,M
Jeffrey Carpenter,Mababanaba,Philippines,M
Jennifer Taylor,Krajan,Indonesia,F
Brian Mccoy,Gunjur Kuta,Gambia,M
Benjamin Montgomery,Oguma,Nigeria,M
Julie Fields,Trajouce,Portugal,F
William Berry,Nouâdhibou,Mauritania,M
Catherine Lynch,Palkino,Russia,F
Johnny Armstrong,Lanchkhuti,Georgia,M
Maria Chapman,San Pedro,Philippines,F
Samuel Green,Saint-Quentin-en-Yvelines,France,M
Philip Gonzalez,Boundiali,Ivory Coast,M
Stephen Parker,Op,Indonesia,M
Brenda West,Krajan Dukuhseti,Indonesia,F
Kevin Hudson,Xintang,China,M
Janice Bailey,Roczyny,Poland,F
Craig Hughes,Vlycháda,Greece,M
Stephanie Jordan,Jasień,Poland,F
Timothy Perkins,Rattanaburi,Thailand,M
James Harris,Taunan,Indonesia,M
Amanda Meyer,La Playosa,Argentina,F
Jeffrey Foster,Xianghu,China,M
Debra Franklin,Montreuil,France,F
Willie Lynch,Jinli,China,M
Cheryl Smith,Semerak,Indonesia,F
Antonio Chavez,Petushki,Russia,M
Aaron Gardner,Veliko Tŭrnovo,Bulgaria,M
Maria George,Panalanoy,Philippines,F
Willie White,Asbest,Russia,M
Jack Oliver,Concord,Canada,M
George Jordan,Medellín,Colombia,M
David Reid,Mor Laok,Indonesia,M
Joyce Wood,Wilanagara,Indonesia,F
Kimberly Freeman,Siaya,Kenya,F
Martin Nguyen,Tangwang,China,M
Harold Morgan,Sabanalarga,Colombia,M
Tina Perez,Iwaki,Japan,F
Alan Hart,Malata,Indonesia,M
Sean Cox,Zebrzydowice,Poland,M
Rose Ferguson,Tân Trụ,Vietnam,F
Pamela Ramirez,Cluses,France,F
Amy Morrison,Lazaro Cardenas,Mexico,F
Jack Reynolds,Yoichi,Japan,M
Christopher Gutierrez,Yilongyong,China,M
Juan Edwards,Georgetown,Saint Vincent and the Grenadines,M
Carol Watson,Misungwi,Tanzania,F
Frances Lewis,Khombole,Senegal,F
Cheryl Kennedy,Guaitarilla,Colombia,F
Cheryl Fox,Bal’shavik,Belarus,F
Justin Alvarez,Lamawalang,Indonesia,M
Matthew Dixon,Ros’,Belarus,M
Christine Rodriguez,Heidelberg,South Africa,F
Sandra Marshall,Perštejn,Czech Republic,F
Jack Ferguson,Chrysó,Greece,M
Fred Bowman,Lapai,Nigeria,M
Barbara Gonzales,Soljani,Croatia,F
Christina Dean,Xiaomian,China,F
Brenda Hansen,Guanajay,Cuba,F
Ryan Murray,Zhaoguli,China,M
Annie Wilson,Sinyavino,Russia,F
Debra Morgan,Jiuxian,China,F
Melissa Sullivan,Erátyra,Greece,F
Jeremy Howard,Padabeunghar,Indonesia,M
Patricia Dunn,Mingguang,China,F
Julie Snyder,Kandy,Sri Lanka,F
Brian Torres,Vimmerby,Sweden,M
Cheryl Black,Severnoye,Russia,F
Rebecca Wagner,Yenangyaung,Myanmar,F
Larry Wright,Deqing,China,M
Julie Rice,Mulyadadi,Indonesia,F
Teresa Mitchell,Tsaghkaber,Armenia,F
Marie Carter,Jieshou,China,F
Lois Torres,Lyuban’,Belarus,F
Victor Fernandez,Paris 16,France,M
Johnny Lee,Pensilvania,Colombia,M
Kevin Cruz,Lembur Tengah,Indonesia,M
Douglas Smith,Kungsbacka,Sweden,M
Teresa Ford,Danao,Philippines,F
Eric Patterson,Sacapulas,Guatemala,M
Wanda Rose,Guanqiao,China,F
Christine Washington,Bartsrashen,Armenia,F
Lori Snyder,Rosario de Mora,El Salvador,F
Antonio Long,Rakek,Slovenia,M
Mark Black,Motala,Sweden,M
Harry Lane,Peuhaq,Indonesia,M
Amanda Carter,Jomboy,Uzbekistan,F
Gary Burton,Cabrela,Portugal,M
Ashley Ford,Ringim,Nigeria,F
Jack Weaver,Lianovérgi,Greece,M
Laura Elliott,Ryazan’,Russia,F
Tina Mccoy,Sovetskoye,Russia,F
Louise Bennett,Chyňava,Czech Republic,F
Andrew Boyd,Paobokol,Indonesia,M
Angela Morris,Lahān,Nepal,F
Gregory Turner,Yanggang,China,M
Barbara Fox,Gary,United States,F
Julia Jones,San Esteban,Philippines,F
George Reed,Itapetininga,Brazil,M
Cynthia Peterson,Liudu,China,F
Albert Gutierrez,São João de Meriti,Brazil,M
Fred Mcdonald,Jinquan,China,M
Brenda Ross,Santa Clara,Philippines,F
Christina Rose,Xukou,China,F
Judy Bowman,Beiyang,China,F
Emily Bradley,Kupchino,Russia,F
Janice Sanders,Nariño,Colombia,F
Justin Howell,Ta Phraya,Thailand,M
Patricia Jenkins,Kolodeznyy,Russia,F
Michelle Watkins,Cartago,Colombia,F
Lawrence Phillips,Tubel,Indonesia,M
Terry Welch,Araçatuba,Brazil,M
Jesse Harper,Sui’an,China,M
Andrew Hart,Dapchi,Nigeria,M
Jose Ryan,Sut-Khol’,Russia,M
Ashley Bryant,Fengcheng,China,F
Phillip Bell,Si Wilai,Thailand,M
Barbara Gonzales,Mapaniqui,Philippines,F
Larry White,Qümong,China,M
Lisa Smith,Jianshe,China,F
Randy George,Linjiang,China,M
Walter Johnson,Wolomoni,Indonesia,M
Sarah Phillips,Canindé,Brazil,F
Mildred Ray,Ashley,United Kingdom,F
Christina Allen,Vis,Croatia,F
Kenneth Foster,Vigan,Philippines,M
Rebecca Bowman,Libacao,Philippines,F
Jack Gonzalez,Sikur,Indonesia,M
Ann Porter,Tapas,Philippines,F
Joyce Robertson,Salfīt,Palestinian Territory,F
Marie Hall,Orlovka,Russia,F
Robert Reynolds,Nginjen,Indonesia,M
Arthur Burton,Madona,Latvia,M
Richard Bailey,Chaloem Phra Kiat,Thailand,M
Jimmy Johnson,Fukushima-shi,Japan,M
William Jones,Guadalupe,Mexico,M
Sandra Watkins,Pančevo,Serbia,F
Brenda Hicks,Lukovo,Macedonia,F
Philip Day,Herval,Brazil,M
Gregory Martin,Krajan Siki,Indonesia,M
Wanda Collins,Ciego de Ávila,Cuba,F
Brenda Price,Zaoshi,China,F
Gregory West,Nishiwaki,Japan,M
Juan Reid,Korolëv Stan,Belarus,M
Carlos Mccoy,Jiucaigou,China,M
Carol Brown,Batibati,Indonesia,F
Chris Berry,Ondo,Nigeria,M
Randy Banks,Baras,Philippines,M
Shawn Daniels,Ayna,Peru,M
Nancy Hall,Dīla,Ethiopia,F
Wayne Torres,Stockholm,Sweden,M
Martha Burton,Shchukino,Russia,F
Douglas Frazier,Dongyong,China,M
Scott Franklin,Sarandi,Brazil,M
Donna Rice,Lai Cách,Vietnam,F
Martha Garrett,Neglasari,Indonesia,F
Harry Robertson,Hezuo,China,M
Dennis Wood,Jianshan,China,M
Daniel Romero,Babakansari,Indonesia,M
Anna Shaw,Hualmay,Peru,F
Douglas Perkins,Esperanza,Philippines,M
Janet Peterson,Rosario de Mora,El Salvador,F
Carlos Hernandez,Mionica,Bosnia and Herzegovina,M
Johnny Henry,Mardakyany,Azerbaijan,M
Doris Warren,Praia,Cape Verde,F
Ann Coleman,New Haven,United States,F
Marilyn Berry,Tempursari Wetan,Indonesia,F
Shawn Stevens,Candi Prambanan,Indonesia,M
Kelly Barnes,Stráž,Czech Republic,F
Antonio Hanson,Kamru,China,M
Gary Cole,Sikka,Indonesia,M
Stephen Willis,Maguling,Philippines,M
Jeffrey Johnston,Lincoln,United States,M
Kathleen White,Zhongfeng,China,F
Marie Fox,Vrakháti,Greece,F
Debra Thomas,Al Munīrah,Yemen,F
Larry Lawson,Vostochnyy,Russia,M
Donald Arnold,Uglovoye,Russia,M
Jennifer Andrews,Legionowo,Poland,F
Elizabeth Morrison,Guaçuí,Brazil,F
Virginia Bell,Qingguang,China,F
Janet Woods,Hongping,China,F
Sharon Jackson,Cerro Punta,Panama,F
Cheryl Gardner,Lezhë,Albania,F
Joseph Fox,Novotroitsk,Russia,M
Joseph Mitchell,Xuefeng,China,M
Tina Peterson,Koryukivka,Ukraine,F
Kimberly Meyer,Ocaña,Colombia,F
Kevin Gilbert,Al Matlīn,Tunisia,M
Janet Jones,Jawornik Polski,Poland,F
Amy Kennedy,Krasnorechenskiy,Russia,F
Theresa Cox,Lelekovice,Czech Republic,F
Mildred Hansen,Pakkat,Indonesia,F
Patricia Garcia,Camplong,Indonesia,F
Lori Hart,Menzel Bourguiba,Tunisia,F
Pamela Dunn,Pak Phli,Thailand,F
George Reid,Banjaranyar,Indonesia,M
James Kennedy,Rokietnica,Poland,M
Christopher Watkins,Melaka,Malaysia,M
Louise Evans,Borås,Sweden,F
Nicholas Austin,Cheongpyeong,South Korea,M
Raymond Stewart,Caba,Philippines,M
Mary Vasquez,Hongyuan,China,F
Theresa Fisher,Feng’an,China,F
Deborah Payne,Indianapolis,United States,F
Jessica Thompson,Tacurong,Philippines,F
Earl Woods,Krajan Puru,Indonesia,M
Gerald Dean,Landi Kotal,Pakistan,M
Harry Harrison,Milotice,Czech Republic,M
Patricia Taylor,Buluh Kasap,Indonesia,F
Martha Arnold,Olho Marinho,Portugal,F
Jane Kim,Le Grand-Quevilly,France,F
Tammy Daniels,Vostryakovo,Russia,F
Rachel Dean,Tomiya,Japan,F
Angela Gomez,Zambujal,Portugal,F
Rose Morrison,Veinticinco de Mayo,Argentina,F
Eugene Reynolds,Nanyang,China,M
James Holmes,Colosó,Colombia,M
Sean Palmer,Capissayan Sur,Philippines,M
Scott Jones,Changling,China,M
James Dixon,Parnamirim,Brazil,M
Walter Oliver,Tylicz,Poland,M
Carolyn Harris,Tarczyn,Poland,F
Brenda Griffin,Jibu,China,F
Peter Torres,Banjar Penyalin,Indonesia,M
Janet Welch,Sena Madureira,Brazil,F
Debra Wright,Can-asujan,Philippines,F
Randy Thomas,Voždovac,Serbia,M
Anthony Cook,Shadrinsk,Russia,M
Ann Matthews,Gryfów Śląski,Poland,F
Jonathan Warren,Kafr Zaytā,Syria,M
Raymond Grant,Ban Talat Nua,Thailand,M
Ronald Phillips,Benito Juarez,Mexico,M
Jeremy Day,Dangjiaxian,China,M
George Sanders,El Mirador,Mexico,M
Catherine Diaz,Veselí nad Lužnicí,Czech Republic,F
Arthur Day,Shimen,China,M
Larry Harper,Conceição da Abóboda,Portugal,M
Nicholas Daniels,Hake,China,M
Wanda Owens,Gesikan,Indonesia,F
William Sanchez,Nakano,Japan,M
Robert Payne,Rio Largo,Brazil,M
Jean Fox,Petukhovo,Russia,F
Kenneth Hicks,Dongkengkou,China,M
Karen Ortiz,Richmond,United States,F
Ruby Johnston,Shuangqiao,China,F
Walter Fox,Uyskoye,Russia,M
Christopher Carroll,Kromasan,Indonesia,M
Andrea Jordan,Brades,Montserrat,F
Shawn Walker,Payapa,Philippines,M
Andrea Hicks,Bantay,Philippines,F
Joshua Murray,Milano,Italy,M
Walter Nelson,Suru,Indonesia,M
Jonathan Mcdonald,Gubin,Poland,M
Marilyn Flores,Catalina,Canada,F
Susan Rodriguez,Hendījān,Iran,F
Diane Daniels,Mbandaka,Democratic Republic of the Congo,F
Michelle Pierce,Xiaochuan,China,F
Jeremy Bradley,Sulak,Russia,M
Bruce Bell,Mehona,Indonesia,M
Anna White,Bystra,Poland,F
Bruce Baker,Adzopé,Ivory Coast,M
Katherine Cunningham,Xamtay,Laos,F
Juan Warren,Laranjeiras do Sul,Brazil,M
Mary Nguyen,Kut Chum,Thailand,F
Benjamin Stone,Amirdzhan,Azerbaijan,M
Mary Campbell,Tambov,Russia,F
Donald Kelly,Phatthaya,Thailand,M
Ronald Ray,Citeguh,Indonesia,M
Lois Montgomery,Xiakouyi,China,F
Antonio Perry,Rio do Sul,Brazil,M
Catherine Jones,Évry,France,F
Louis Robertson,Jiutai,China,M
Angela Woods,Ciherang,Indonesia,F
Sara Bailey,Dolní Bojanovice,Czech Republic,F
Stephanie Meyer,Dhidhdhoo,Maldives,F
Martin Jenkins,Kerċem,Malta,M
Frank Matthews,Ufa,Russia,M
David Ortiz,Łopuszna,Poland,M
Annie Franklin,Atsugi,Japan,F
Andrea Davis,Rouen,France,F
Robin Ramirez,Bulualto,Philippines,F
Theresa Rodriguez,München,Germany,F
Joseph Mills,Krouna,Czech Republic,M
Henry Fernandez,Nelson,Canada,M
Rose Gibson,Konstantinovskoye,Russia,F
Donna Hamilton,Santiago de Cao,Peru,F
John Jenkins,Xincun,China,M
Evelyn Rice,Karanggintung,Indonesia,F
Alice Hart,Sietesz,Poland,F
Howard Sims,Krajan Battal,Indonesia,M
Henry Long,Quinipot,Philippines,M
Kathleen Stone,Kovilj,Serbia,F
Jack Hall,Bumbuna,Sierra Leone,M
Benjamin Bell,Tankhoy,Russia,M
Steve Tucker,Lianhua,China,M
Susan Stevens,Mobai,Sierra Leone,F
Gloria Nichols,Mrozy,Poland,F
Tammy Elliott,Orimattila,Finland,F
Julie Nguyen,Pasireurih,Indonesia,F
Gregory Green,Xuanhua,China,M
Robert Austin,Biankouma,Ivory Coast,M
Judy Ray,Paris 02,France,F
Anthony Cunningham,Lidun,China,M
Denise Griffin,Kousa,Egypt,F
Eugene Gutierrez,Kol’chugino,Russia,M
Louis Hanson,Kedungringin,Indonesia,M
Aaron Mitchell,Pangtangis Dajah,Indonesia,M
Judith Perry,Roriz,Portugal,F
Walter Holmes,Weiting,China,M
Arthur Gordon,Almodôvar,Portugal,M
Patricia Carr,San Juan de la Maguana,Dominican Republic,F
Judy Perkins,Martinlongo,Portugal,F
Shawn Hanson,Fushë-Muhurr,Albania,M
Larry Wallace,Czyżowice,Poland,M
Ralph Ferguson,Pácora,Colombia,M
Frances Fowler,Flers,France,F
Larry Fisher,Hatsukaichi,Japan,M
Ann Murray,Obiliq,Kosovo,F
Carol Snyder,São João da Boa Vista,Brazil,F
Annie Jackson,Malasugui,Philippines,F
Anne Wilson,Jinggan,China,F
Douglas Thompson,Jombang,Indonesia,M
James Brown,Jiabei,China,M
Amy Dixon,Solnice,Czech Republic,F
Terry Stewart,Novi Beograd,Serbia,M
Joe Reed,Starokucherganovka,Russia,M
Kelly Robertson,Qulai,China,F
Katherine Evans,Dū Qal‘ah,Afghanistan,F
Heather Moore,Río Grande,Dominican Republic,F
Daniel Lewis,Betim,Brazil,M
Pamela Nichols,Balbalan,Philippines,F
Alice Moore,Buy,Russia,F
Martin Stevens,Las Ánimas,Honduras,M
Thomas Stanley,Beloyarskiy,Russia,M
Randy Griffin,Dębno,Poland,M
Sandra Rogers,Itamaraju,Brazil,F
Roger Bishop,Napierville,Canada,M
Kenneth Murray,Itapemirim,Brazil,M
Diane Kelley,Xianghuaqiao,China,F
Diane Evans,Aurora,Philippines,F
Julia Banks,La Dorada,Colombia,F
Judy Hill,Khairpur,Pakistan,F
Annie Johnston,Manakara,Madagascar,F
Kelly Vasquez,Aoluguya Ewenke Minzu,China,F
Lois Cooper,Sekampung,Indonesia,F
Edward Austin,Jinkou,China,M
Edward Ruiz,Garagoa,Colombia,M
Jack Collins,Huanren,China,M
Sharon Porter,Maymana,Afghanistan,F
Ann Lawson,Tambakrejo,Indonesia,F
Steve Burns,Huitang,China,M
Irene Alexander,Cuenca,Ecuador,F
Tina Carr,Macieira de Rates,Portugal,F
Terry Harrison,Káto Dhiminió,Greece,M
Helen Frazier,Khūgyāṉī,Afghanistan,F
Andrew Lopez,Salcedo,Philippines,M
William Garcia,Road Town,British Virgin Islands,M
Jack Hall,Tuanai,Indonesia,M
Eugene Russell,Orikhiv,Ukraine,M
Russell Russell,Ureshino,Japan,M
Antonio Bryant,Buyant,Mongolia,M
Ryan Edwards,Inhambane,Mozambique,M
Roy Adams,Dabachang,China,M
Jose Nelson,Maputsoe,Lesotho,M
Gerald George,Haolaishan,China,M
Margaret Henry,Tianyuan,China,F
Ronald Hunter,São Marcos,Brazil,M
Mary Morrison,Ogoja,Nigeria,F
Steve Greene,Lubochnia,Poland,M
Earl Gomez,Loyola,Philippines,M
Sharon Gutierrez,Flushing,United States,F
Jeremy Murphy,Las Vegas,United States,M
Beverly Webb,Szeged,Hungary,F
Daniel Carpenter,Shijing,China,M
Ernest Gardner,Baculin,Philippines,M
Denise King,Kraaifontein,South Africa,F
Clarence Gilbert,Cametá,Brazil,M
Laura Stewart,Viterbo,Colombia,F
Roy Reynolds,Buga,Colombia,M
Carolyn Turner,Rače,Slovenia,F
Gary Weaver,Pakel,Indonesia,M
Pamela Porter,Uíge,Angola,F
Amy Morris,Tabwakea Village,Kiribati,F
Robin Mason,Zykovo,Russia,F
Eric Payne,Balakhninskiy,Russia,M
Justin Perkins,Matinha,Brazil,M
Sharon Snyder,Oborniki Śląskie,Poland,F
Heather Hansen,Dębica,Poland,F
Rebecca Sanchez,Berlin,Germany,F
Philip Alexander,Cimadang,Indonesia,M
Joe Peterson,Antwerpen,Belgium,M
Patricia Griffin,Geshan,China,F
Phillip Diaz,Levallois-Perret,France,M
Janet Hill,Tanlin,China,F
Robin Garrett,Jiasi,China,F
Howard Thompson,Mali Iđoš,Serbia,M
Teresa Robertson,Hainan,China,F
Christine Carter,Akim Oda,Ghana,F
Steve Elliott,Wewoloe,Indonesia,M
Raymond Allen,Baturinggit Kaja,Indonesia,M
Billy Turner,Guocun,China,M
Roger Mills,Ḩadīdah,Syria,M
Clarence Long,At Samat,Thailand,M
Paul Price,San Vicente,Philippines,M
Annie Montgomery,Xiaohenglong,China,F
Eugene Spencer,Třešť,Czech Republic,M
Victor Nguyen,Lubbock,United States,M
Bobby Rivera,Limon,Philippines,M
Donna Wallace,Chaumont,France,F
Stephen Nguyen,Oporapa,Colombia,M
Julia Henry,Foz do Iguaçu,Brazil,F
Lawrence Jordan,Qianjiang,China,M
Joe Pierce,Aengceleng,Indonesia,M
Theresa Ramirez,Golovchino,Russia,F
Bruce Schmidt,Ponta Delgada,Portugal,M
Andrew Weaver,Chemnitz,Germany,M
Steven Banks,Chongxian,China,M
Heather Spencer,Jiangwakou,China,F
Margaret Fisher,Chalandrítsa,Greece,F
Julia Hansen,Purworejo,Indonesia,F
Nancy Berry,Aldeia da Bela Vista,Portugal,F
Robert White,Minyat an Naşr,Egypt,M
Willie Walker,Bulgan,Mongolia,M
Amy Peterson,Chumikan,Russia,F
Gary Miller,Iporá,Brazil,M
Christine Arnold,San Isidro,Philippines,F
Martha Bishop,Elías,Colombia,F
Wanda Jordan,Szczerców,Poland,F
Louise Bryant,Fagersta,Sweden,F
Alice Garcia,Victoria,Philippines,F
Rebecca Hernandez,Norashen,Armenia,F
Willie Knight,Västra Frölunda,Sweden,M
Bobby Hudson,Buerarema,Brazil,M
Irene Burns,Sudzha,Russia,F
Andrew Gibson,Köln,Germany,M
Donald Simmons,Patani,Nigeria,M
Todd Dean,Mao,Dominican Republic,M
Beverly Reyes,Gabao,Philippines,F
Betty Mendoza,Jargalant,Mongolia,F
Doris Torres,Miaoxi,China,F
Kathryn Arnold,Granard,Ireland,F
Brandon Nelson,Benešov nad Ploučnicí,Czech Republic,M
Shawn Sullivan,Penelas,Portugal,M
Emily Perkins,Bayasgalant,Mongolia,F
Kathryn Lawson,Baoping,China,F
Juan Taylor,Chubek,Tajikistan,M
Rose Warren,Skellefteå,Sweden,F
Annie Ford,Citalahab,Indonesia,F
Lois Weaver,Ursynów,Poland,F
Jeffrey Stewart,Shoushan,China,M
Johnny Cox,Baisha,China,M
Jeffrey Jenkins,Suntar,Russia,M
Rebecca Carr,Niederwaldkirchen,Austria,F
Michael Moreno,Tabuating,Philippines,M
Linda Smith,Shuicha,China,F
Jean Boyd,Kertabumi,Indonesia,F
Cheryl Romero,Fayzabad,Afghanistan,F
Martin Reed,Hubynykha,Ukraine,M
Wayne Coleman,Wangcungang,China,M
Billy Mason,Gununganyar,Indonesia,M
Beverly Thomas,Virginia Beach,United States,F
Linda Mccoy,Hongqi,China,F
Bobby Harris,Gununganyartambak Tengah,Indonesia,M
Marilyn Watson,Coaraci,Brazil,F
Mark Fisher,Erhaodi,China,M
William Hunter,Kitsuki,Japan,M
Donald Hayes,Shali,Russia,M
Christine Wheeler,Kafr Dān,Palestinian Territory,F
Frances Moreno,Cikajang,Indonesia,F
Lois Powell,Xiaoyue,China,F
Jack Dunn,Gò Quao,Vietnam,M
Rebecca Foster,Mariposa,Peru,F
Chris Davis,Vizal San Pablo,Philippines,M
Willie Hunter,Patarrá,Costa Rica,M
Harry Arnold,Sulūq,Libya,M
Sean Payne,Taozixi,China,M
Anthony Oliver,Caleta Cruz,Peru,M
Phyllis Mills,Montinho,Portugal,F
Mark Kelly,Kuanghe,China,M
Thomas Willis,Taiping,China,M
Amanda Murray,Lidzbark,Poland,F
Billy Richards,Mengla,China,M
Benjamin Wagner,Saverne,France,M
Ryan Payne,Orléans,France,M
Helen Larson,Tivat,Montenegro,F
Susan Young,Chengzihe,China,F
Judith Sims,Lianzhou,China,F
Heather Oliver,Kihurio,Tanzania,F
Mildred Mason,Chōfugaoka,Japan,F
Diane Sullivan,Blangkejeren,Indonesia,F
Katherine Hawkins,Quesada,Guatemala,F
Lori Simpson,Falefa,Samoa,F
Susan West,Phalaborwa,South Africa,F
Cynthia Ray,Gesikan,Indonesia,F
Jean Chavez,Wewit,Indonesia,F
Deborah Perez,Łapsze Niżne,Poland,F
Marilyn Larson,Qunsheng,China,F
Lisa Bell,Iwŏn-ŭp,North Korea,F
Bobby Lynch,Nikolayevsk,Russia,M
Gerald Torres,Doudleby nad Orlicí,Czech Republic,M
Eugene Morris,Vilarelho,Portugal,M
Joseph Arnold,Khorinsk,Russia,M
Jerry King,Wangdian,China,M
Christine Torres,Zili,China,F
Patricia Rodriguez,Ozamiz City,Philippines,F
Michelle Gray,Guyam Malaki,Philippines,F
Stephanie Henry,Vorob’yovo,Russia,F
Jose Wilson,Qingyuan,China,M
Jerry Mitchell,Reszel,Poland,M
Brian Butler,Zheleznogorsk,Russia,M
Maria Garza,Vespasiano,Brazil,F
Kenneth Hunt,Shuvakish,Russia,M
Joan Willis,Arteche,Philippines,F
Nicholas Day,Vychegodskiy,Russia,M
Barbara Fowler,Buzhakan,Armenia,F
Jerry King,Hongshi,China,M
Marilyn Reed,Farah,Afghanistan,F
Annie Hunter,Ladan,Indonesia,F
Fred Stanley,Cambrai,France,M
Norma Martin,Köln,Germany,F
Tammy Torres,Si’erbao,China,F
Steve Jenkins,Tyoply Stan,Russia,M
Ernest Gardner,Zhaigang,China,M
Julie Edwards,Roanoke,United States,F
Susan Harrison,Luowan,China,F
Louis Cooper,Kondinskoye,Russia,M
Scott Collins,Ocaña,Colombia,M
Clarence Simmons,Phoenix,United States,M
Emily Moreno,Marcq-en-Barœul,France,F
Lisa Coleman,Isaka,Tanzania,F
Norma Bell,Łęki Szlacheckie,Poland,F
Johnny Snyder,Kajar,Indonesia,M
Carol Medina,Zaraza,Venezuela,F
Irene Peters,Nikísiani,Greece,F
Beverly Hicks,Idenao,Cameroon,F
Norma Frazier,São Bento do Sul,Brazil,F
Gloria Little,Obama,Japan,F
Sarah Hanson,Sioguí Abajo,Panama,F
Eric Gonzalez,Skara,Sweden,M
Jonathan Hernandez,Pesek,Indonesia,M
Mary Lewis,Suva Reka,Kosovo,F
Douglas Richards,Ganzhou,China,M
Catherine Gutierrez,Krapivna,Russia,F
Emily Hanson,Zolochiv,Ukraine,F
Joshua Bradley,Sacramento,United States,M
Frank Johnson,Kitango,Philippines,M
Juan Lane,Baisha,China,M
Adam Bennett,Karpushikha,Russia,M
Ann Wheeler,Xinmen,China,F
Rose Ray,Hadakewa,Indonesia,F
Maria Brooks,Nikkō,Japan,F
Jacqueline Simpson,Huangfang,China,F
Nancy Long,Manzil Bū Zalafah,Tunisia,F
Theresa Watkins,Smedjebacken,Sweden,F
Ryan Reyes,Espinosa,Brazil,M
Sarah Hicks,Huibu,China,F
Antonio Black,Nesebar,Bulgaria,M
Gregory Moreno,Benito Juarez,Mexico,M
Brenda Sanchez,Punta Cana,Dominican Republic,F
Jean Cox,Koszęcin,Poland,F
Wayne Medina,Medvezh’yegorsk,Russia,M
Angela Pierce,Changping,China,F
Louise Butler,Noling,Philippines,F
Irene Mccoy,Kafr ad Dīk,Palestinian Territory,F
Deborah Kelley,Eg,Mongolia,F
Kelly Ross,Ostrožská Lhota,Czech Republic,F
Rachel Boyd,Samsan,South Korea,F
Irene Burns,Qukuhu,China,F
Anne Rice,Rūjayb,Palestinian Territory,F
Karen Armstrong,Shebekino,Russia,F
Nancy Willis,Casa Nova,Portugal,F
Kelly Watson,Xiangcheng,China,F
Annie Alvarez,Shanglaxiu,China,F
Juan Fowler,Randuagung,Indonesia,M
Alice Morales,Pescara,Italy,F
Sandra Palmer,Kaeng Khro,Thailand,F
Richard Larson,Stalowa Wola,Poland,M
Amy Hanson,Caluya,Philippines,F
Willie Weaver,Morioka-shi,Japan,M
Aaron Scott,Marihatag,Philippines,M
Denise Green,Chenfang,China,F
Jose Spencer,Myitkyina,Myanmar,M
Raymond Jordan,Caiyuan,China,M
Amanda Ray,Putat Lor,Indonesia,F
Alan Stanley,Jalālpur,Pakistan,M
Chris Murray,Zhongwei,China,M
Patrick Hunter,Rakvere,Estonia,M
Angela Nguyen,Além Paraíba,Brazil,F
Louis Kennedy,Vidče,Czech Republic,M
Donna Wallace,Jiebu,China,F
Adam West,Cilongkrang,Indonesia,M
Julie Roberts,Leigongmiao,China,F
Peter Gordon,Hwawŏn,South Korea,M
Alice Flores,Huaribamba,Peru,F
Judy Morales,Chenzhouzhai,China,F
Mark Reid,Gasi,China,M
Scott Ortiz,Pocsi,Peru,M
Sarah Turner,Górki Wielkie,Poland,F
Julia Fisher,Sonsón,Colombia,F
Diane Ryan,Áthyra,Greece,F
Sara Anderson,Caqu,China,F
Susan Ryan,Zeya,Russia,F
Nicole Fernandez,Naifaru,Maldives,F
Sara Gordon,Luftinjë,Albania,F
Carlos Miller,Carice,Haiti,M
Jimmy Robertson,Pursat,Cambodia,M
Louis Burke,Kuala Terengganu,Malaysia,M
Peter Shaw,Trujillo,Honduras,M
Stephanie Alvarez,Téra,Niger,F
Ryan Washington,Carahue,Chile,M
Bonnie Knight,Manacsac,Philippines,F
Doris Garrett,Bayan Uula Sumu,Mongolia,F
Alan Hamilton,Primošten,Croatia,M
Michael Edwards,Yengimahalla,China,M
Robert Gutierrez,Dhaka,Bangladesh,M
Robert Ferguson,Calapan,Philippines,M
Kelly Harrison,Louisville,United States,F
Larry Lawson,Ospina,Colombia,M
Albert Lawrence,Basīrpur,Pakistan,M
Kathryn Banks,Tamaki,New Zealand,F
Carl Hill,Mirpur Khas,Pakistan,M
Ruth Campbell,Gorang,Indonesia,F
Sharon Kennedy,Józefów,Poland,F
Roger Fuller,Panoongan,Indonesia,M
Sharon Andrews,Mangli,Indonesia,F
Keith Rodriguez,Rolante,Brazil,M
Marilyn Perez,Obock,Djibouti,F
Jesse Jordan,Chengtang,China,M
Mary Reid,Nangang,China,F
Louis Ross,Songnan,China,M
Gregory Johnson,Reinaldes,Portugal,M
Keith Olson,Limeil-Brévannes,France,M
Lawrence Carpenter,Pacaraos,Peru,M
Diane Black,Bai’e,China,F
Jimmy Mendoza,Ejidal,Mexico,M
Nancy Holmes,Tabonok,Philippines,F
Phyllis Chavez,Consuelo,Philippines,F
Antonio Harris,Calatrava,Philippines,M
Craig Hansen,Saddina,Morocco,M
George Ross,Vesele,Ukraine,M
Jane Perez,Purorejo,Indonesia,F
Janice Long,Binglincha,China,F
Matthew Hernandez,Shuangpengxi,China,M
Angela Oliver,Río Grande,Dominican Republic,F
Alice Berry,Pinayagan Norte,Philippines,F
Betty Barnes,Ozurgeti,Georgia,F
Brenda Jackson,Guacamaya,Honduras,F
Ruby Elliott,Fengtang,China,F
George Hall,Bombarral,Portugal,M
Deborah Frazier,Gangtun,China,F
Justin Green,Murmuiža,Latvia,M
Julie Gutierrez,Ehen Hudag,China,F
Shawn Wheeler,Cikoneng,Indonesia,M
Ronald Burke,Salta,Argentina,M
Shawn Jones,Podgortsy,Ukraine,M
Louise Cunningham,Pidigan,Philippines,F
Diane Stewart,Kryry,Czech Republic,F
Irene Patterson,Buriram,Thailand,F
Louise Hayes,Baran,Indonesia,F
Marilyn Foster,Hulei,China,F
Tina Barnes,Louredo,Portugal,F
Alice Burke,Kotel’niki,Russia,F
Mary Coleman,Juegang,China,F
Doris Bishop,Stockholm,Sweden,F
Robin Fisher,Ōtawara,Japan,F
Cynthia Hill,Pitanga,Brazil,F
Wanda Gonzalez,Jambu,Indonesia,F
Shawn Elliott,Mora,Sweden,M
Earl Gardner,Druju,Indonesia,M
Judy George,Storozhnytsya,Ukraine,F
Richard Kim,Yuanqian,China,M
Patricia Harris,Mananum,Philippines,F
Jack Scott,Maslog,Philippines,M
Timothy Fisher,Wutongkou,China,M
Sarah Cole,Sydney,Australia,F
Bruce Fox,Rucava,Latvia,M
Ronald Bell,Dolany,Czech Republic,M
Ashley Butler,Bi’r al Ḩufayy,Tunisia,F
Joe Myers,Horní Jiřetín,Czech Republic,M
Albert Powell,Piura,Peru,M
Jessica Diaz,El Limon,Mexico,F
Philip Porter,Kabarnet,Kenya,M
Gerald Olson,Phlapphla Chai,Thailand,M
Mary Reynolds,Rubirizi,Uganda,F
Lois Gibson,Canalete,Colombia,F
Henry Cole,Gongchenqiao,China,M
Jessica Day,Abreu e Lima,Brazil,F
Clarence Hayes,Västra Frölunda,Sweden,M
Ann Ryan,Dongchong,China,F
Carl Ellis,Zmijavci,Croatia,M
Rose Jackson,Knyaginino,Russia,F
Robin Sanchez,‘Arīshah,Syria,F
Marilyn Robertson,Rājo Khanāni,Pakistan,F
Robin Thomas,Andrijaševci,Croatia,F
Sharon Vasquez,Carbonear,Canada,F
Doris Bradley,Karlovy Vary,Czech Republic,F
Shirley Torres,Xinfeng,China,F
Steven Ford,Vorob’yovo,Russia,M
Teresa Smith,Bihać,Bosnia and Herzegovina,F
Rebecca Riley,Tongtuan,China,F
Tina Henderson,Taozixi,China,F
Stephanie Perkins,Richmond,United States,F
Rose Fox,Volodymyr-Volyns’kyy,Ukraine,F
Amy Sanders,Xinning,China,F
Marilyn Price,Longshi,China,F
Jerry Franklin,Puerto Colombia,Colombia,M
Ronald Sullivan,Yayao,China,M
Keith Long,Zaandam,Netherlands,M
Heather Brooks,Stráž nad Nisou,Czech Republic,F
Ernest Tucker,Yanshan,China,M
Jason Scott,Bihać,Bosnia and Herzegovina,M
Susan Cox,Lueng Putu,Indonesia,F
Steven Gardner,Rukem,Indonesia,M
Juan Reyes,Na'ale,Israel,M
Kevin Morales,Beiqiao,China,M
Kevin Burke,Siak Sri Indrapura,Indonesia,M
Ernest Kelley,Maddela,Philippines,M
Louis Williamson,Kankan,Guinea,M
Tammy Stanley,Shchuchin,Belarus,F
Barbara Dean,Ibagué,Colombia,F
Margaret Nichols,Furmanov,Russia,F
Jennifer Martin,Dístomo,Greece,F
Denise Thomas,Pecka,Czech Republic,F
Robert Warren,Sande São Lourenço,Portugal,M
Paul Mills,Bajos de Haina,Dominican Republic,M
Diana Kelley,Huidong,China,F
Kevin Knight,Dobra,Poland,M
Jimmy Gutierrez,Piet Retief,South Africa,M
James Parker,Fort Worth,United States,M
Walter Moreno,Kinamayan,Philippines,M
Pamela Fields,Jendouba,Tunisia,F
Lori Williams,Emiliano Zapata,Mexico,F
Diana Cole,Kavarna,Bulgaria,F
Randy Edwards,Lipno,Poland,M
Karen Henderson,Qaffīn,Palestinian Territory,F
Jeremy Holmes,Vicuña,Chile,M
Shirley Reyes,Weitang,China,F
Judith Garcia,Silgueiros,Portugal,F
Rebecca Ruiz,Acevedo,Colombia,F
Pamela Powell,Żabno,Poland,F
Scott Patterson,Biała Piska,Poland,M
Pamela Kim,Natividade,Brazil,F
Jose Reed,Tsuma,Japan,M
Benjamin Gibson,Katumba,Tanzania,M
Marie Bryant,Ranot,Thailand,F
Anne Brown,Krzeszów,Poland,F
Eric Morgan,Inkerman,Ukraine,M
Clarence Thomas,Andaray,Peru,M
Cheryl Peterson,Azurva,Portugal,F
James Bailey,Gò Quao,Vietnam,M
Gary Holmes,Yeroẖam,Israel,M
Jose Oliver,Sulahan,Indonesia,M
Brenda Daniels,Yangsi,China,F
Heather Carr,Oslo,Norway,F
Keith Bishop,Zagreb - Centar,Croatia,M
William Hamilton,Milotice,Czech Republic,M
Evelyn Mccoy,Mineralnye Vody,Russia,F
Debra Riley,Wenceslau Braz,Brazil,F
Emily Robinson,Madoi,China,F
Albert Rose,Lexington,United States,M
Donald Bishop,Manevychi,Ukraine,M
Douglas Sanders,Isulan,Philippines,M
Douglas Moore,Topol’noye,Russia,M
Todd Barnes,Salima,Malawi,M
Albert Freeman,Huayuan,China,M
Jason Spencer,Bureya,Russia,M
William Bradley,Haenam,South Korea,M
Joshua Gonzalez,Nangkapayung,Indonesia,M
Dennis Rice,Marintoc,Philippines,M
Anthony Cruz,Lacombe,Canada,M
Melissa Ortiz,Losino-Petrovskiy,Russia,F
Earl Lee,Kopashnovo,Ukraine,M
Samuel Harper,Lidingö,Sweden,M
Raymond Moore,Chinú,Colombia,M
Ralph Harrison,Yanjiatai,China,M
Johnny Parker,Vila Franca do Campo,Portugal,M
Amy Richards,Tanout,Niger,F
Kevin Carpenter,Kyzyl,Russia,M
Peter Willis,Prizren,Kosovo,M
Lori Ferguson,Smach Mean Chey,Cambodia,F
Melissa Webb,Bobota,Croatia,F
Donna Rice,Managua,Nicaragua,F
Brian Cook,Horní Štěpánov,Czech Republic,M
William Gordon,Edinburgh of the Seven Seas,Saint Helena,M
Phyllis Frazier,Geyuan,China,F
Tina Lee,Andalucía,Colombia,F
Deborah Bryant,Dolsk,Poland,F
Clarence Lopez,Huanghuai,China,M
Rose Hunter,Ranot,Thailand,F
Shirley Carter,Zafarwāl,Pakistan,F
Shawn Little,Ferreiros,Portugal,M
Terry Greene,Nagato,Japan,M
Heather Lewis,Bureya,Russia,F
Samuel Edwards,Dajt,Albania,M
Nancy James,Bremerhaven,Germany,F
Betty Hawkins,Chrysó,Greece,F
Albert Gibson,Lindavista,Mexico,M
Joshua Price,Montceau-les-Mines,France,M
Shirley Perez,Louisville,United States,F
Robin Baker,Carusucan,Philippines,F
Frank Butler,Zhanlong,China,M
Gary Nelson,Vendychany,Ukraine,M
Phillip Ward,Thị Trấn Trùng Khánh,Vietnam,M
Jessica Torres,Padangtepung,Indonesia,F
Karen Harrison,Granada,Nicaragua,F
Alan Lee,Daba,China,M
Carolyn Wilson,Dongkeng,China,F
Kenneth Harvey,Luchingu,Tanzania,M
Ralph Anderson,Kroya,Indonesia,M
Brandon Jordan,Shanjiao,China,M
Chris Fisher,San Benito,Guatemala,M
Joshua Powell,Maslovka,Russia,M
Wayne Wright,Shiziling,China,M
Lori Oliver,Osiek,Poland,F
Brenda Howard,Changzhi,China,F
Wanda Ray,Novoshakhtinsk,Russia,F
Ralph Chapman,Qingshui,China,M
Nicole Torres,Pantaihambawang,Indonesia,F
Ann Cole,Eirado,Portugal,F
Barbara Holmes,Tessalit,Mali,F
Jane Greene,Orléans,France,F
Theresa Ryan,Az Zabadānī,Syria,F
Janet Gomez,Yuhuangding,China,F
Bonnie Johnson,Asamankese,Ghana,F
Ernest Powell,Zemlyansk,Russia,M
Jean Richardson,Uppsala,Sweden,F
Ruby James,Nong Kung Si,Thailand,F
Johnny Mccoy,Uppsala,Sweden,M
Linda Mason,Jiyizhuang,China,F
Kathy Warren,Anren Chengguanzhen,China,F
Sarah Dunn,Ḩātim,Jordan,F
Melissa Alvarez,Sapadun,Philippines,F
Larry Hall,Yaozhou,China,M
Joseph Welch,Diyarb Najm,Egypt,M
Michael Moreno,Socos,Peru,M
Jerry Henderson,Yulong,China,M
Kathryn Bailey,Gunung,Indonesia,F
Diana Andrews,Afanas’yeva,Russia,F
Richard Morris,Amagasaki,Japan,M
Joyce Gardner,Araxá,Brazil,F
Katherine Cox,Bungkulan,Indonesia,F
Joshua Foster,Novi Travnik,Bosnia and Herzegovina,M
Christine Romero,Houston,United States,F
Sandra Kelley,Lae,Papua New Guinea,F
Jeremy Gordon,Nikki,Benin,M
Ryan Fields,Cekcyn,Poland,M
Jack Diaz,Laibin,China,M
Debra Anderson,Xingtai,China,F
Tammy Graham,Perpignan,France,F
Tammy Garrett,Fujinomiya,Japan,F
Gregory Coleman,Libertador General San Martín,Argentina,M
Roger Banks,Krzeszów,Poland,M
Anne Fernandez,Cocorná,Colombia,F
Helen Bryant,Lāliān,Pakistan,F
Laura Peters,Huayacundo Arma,Peru,F
Ryan Webb,Kuznetsovs’k,Ukraine,M
Gregory Wallace,Ketangi,Indonesia,M
Jane Chapman,Kuala Lumpur,Malaysia,F
Susan Richardson,Maciejowice,Poland,F
Nancy Baker,Chisht-e Sharīf,Afghanistan,F
Brandon Russell,Shreveport,United States,M
Martin Graham,Ribeiro,Portugal,M
Marie Howard,Mâcon,France,F
Matthew Campbell,Dushk,Albania,M
Antonio Gordon,Ishige,Japan,M
Jason Sims,Zhaigang,China,M
Wanda Ruiz,Detik Satu,Indonesia,F
Virginia Ray,Sandouping,China,F
Shawn Graham,Maseru,Lesotho,M
Mary Kelly,Monte de Trigo,Portugal,F
Raymond Carpenter,Vilares,Portugal,M
Denise Ford,Queluz,Portugal,F
Charles Gomez,Moncada,Philippines,M
Marilyn Peterson,Xin’an,China,F
Paul Butler,Raga,South Sudan,M
Kathryn Jacobs,Madrid,Spain,F
Helen Rodriguez,Darpas,Armenia,F
Thomas Henderson,Suwałki,Poland,M
Kelly Gilbert,As Suwaydā’,Syria,F
Christine Richards,Kawerau,New Zealand,F
Rose Gibson,São Sebastião,Portugal,F
Jean Wright,Javānrūd,Iran,F
Frank Carr,Kresek,Indonesia,M
William Campbell,Tōgane,Japan,M
Stephen Hicks,Bel Air Rivière Sèche,Mauritius,M
Jesse Murphy,San Vicente de Moravia,Costa Rica,M
Ruth Hamilton,Klaeng,Thailand,F
Kevin Mendoza,Haoyi,China,M
Donna Mills,Ankazondandy,Madagascar,F
Bobby Olson,Dimayon,Philippines,M
Daniel Howard,Barrī ash Sharqī,Syria,M
Deborah Oliver,Cô Tô,Vietnam,F
Benjamin Lee,Paris 04,France,M
Michelle Wheeler,Jingyu,China,F
Sharon Harris,Hinunangan,Philippines,F
Diane Henry,Vila Verde,Portugal,F
Helen Reyes,Tiantang,China,F
Julia White,Naru,Indonesia,F
Christine Johnson,Bodø,Norway,F
Lawrence Ramirez,Moutsamoudou,Comoros,M
Jane Warren,Chaumont,France,F
Michelle Morgan,Gobang,Indonesia,F
Carl Elliott,Chinú,Colombia,M
Jeremy Lopez,Qiryat Shemona,Israel,M
Jane Gomez,Groblersdal,South Africa,F
Maria Hill,Duntou,China,F
Louis Stanley,Nandu,China,M
Nancy Brown,Mangochi,Malawi,F
Carolyn Evans,Mach,Pakistan,F
Betty Rodriguez,Sai,Indonesia,F
Doris Nelson,Quatro Barras,Brazil,F
Terry Ruiz,Ārt Khwājah,Afghanistan,M
Amy Hernandez,Murfreesboro,United States,F
Teresa Evans,Daru,Sierra Leone,F
Aaron Ramos,Jatobá,Brazil,M
Anthony Young,Al Qiţena,Sudan,M
Adam Davis,Lāliān,Pakistan,M
Phillip Austin,Vitrolles,France,M
Linda Morris,Buzhakan,Armenia,F
Antonio Bradley,Cariaco,Venezuela,M
Jane Johnson,Palmar de Varela,Colombia,F
Jessica Matthews,Shangtianba,China,F
Teresa Cruz,Saint-Quentin-en-Yvelines,France,F
Jane Reid,Panzhou,China,F
Arthur Ramos,Tadou,China,M
Larry Duncan,Hefu,China,M
Steven Collins,Vårby,Sweden,M
Richard Armstrong,Heilangkou,China,M
Craig Palmer,Kousséri,Cameroon,M
Betty Lynch,E’zhou,China,F
Ryan Carr,Mae Fa Luang,Thailand,M
Howard Rodriguez,Paso de los Libres,Argentina,M
Janet Lee,Trieste,Italy,F
Craig Fuller,Staryy Cherek,Russia,M
Jeffrey Murphy,Podkamennaya Tunguska,Russia,M
Diane Long,Julayjilah,Saudi Arabia,F
Stephen Dixon,San Simon,Philippines,M
Andrew Rose,Kakogawachō-honmachi,Japan,M
Patrick Lee,Tysmenychany,Ukraine,M
Beverly Cunningham,Stockholm,Sweden,F
Jose Cook,Changping,China,M
Bobby Berry,Ar Rawḑah,Syria,M
Harold Green,Richmond,United States,M
Joshua Carter,Zorak,Armenia,M
Daniel Perkins,Chagang,China,M
Aaron Robertson,Xukou,China,M
Juan Walker,Drzewica,Poland,M
Diane Wallace,Dresden,Germany,F
Nicole Price,Kabalo,Democratic Republic of the Congo,F
Charles Clark,Iroquois Falls,Canada,M
Lisa West,Kayu Agung,Indonesia,F
Joyce Lewis,Changzheng,China,F
Louis Stewart,Songculan,Philippines,M
Patricia Harrison,Nakkila,Finland,F
Linda Shaw,Ingenio La Esperanza,Argentina,F
Kathleen Ramos,Yeniugou,China,F
Martin Wright,Leleque,Argentina,M
Carolyn Stewart,Ōmiya,Japan,F
Ruby Lawson,Nempel,Indonesia,F
Sarah Gonzales,Borås,Sweden,F
George Young,Pinggang,China,M
Carolyn Watkins,Duishan,China,F
Sean Peterson,Kaltungo,Nigeria,M
Louise Payne,Sabang,Philippines,F
Lori Burke,Ganyesa,South Africa,F
Matthew Phillips,Batakte,Indonesia,M
Janice Castillo,Tawali,Indonesia,F
Larry Ross,Zhabagly,Kazakhstan,M
Ruby Cruz,San Fernando,Philippines,F
Kelly Hart,Umanggudang,Indonesia,F
Pamela Oliver,Kyaukse,Myanmar,F
Jack Howard,San Antonio,Chile,M
Debra Freeman,Ilinden,Macedonia,F
Russell Oliver,Paris 04,France,M
Andrew George,Mobaye,Central African Republic,M
Susan Gomez,Sanhui,China,F
Julia Morgan,Katrineholm,Sweden,F
Harry Brown,Juzhen,China,M
Michael Hamilton,Zhongzhou,China,M
Nancy Watson,San Martín,Colombia,F
Brandon Stephens,Goya,Argentina,M
Bruce Bennett,Boulogne-Billancourt,France,M
James Gomez,Qalandiyā,Palestinian Territory,M
Teresa Gomez,Barueri,Brazil,F
Jessica Holmes,Trstenik,Serbia,F
Sandra Burns,Krajan,Indonesia,F
Janice Rogers,Azacualpa,Honduras,F
Walter Cole,Paris 16,France,M
Jerry Reed,Digkilaan,Philippines,M
Alice Jenkins,Santa María de Ipire,Venezuela,F
Andrew Watson,Dabat,Ethiopia,M
Ruby Taylor,Chaoshui,China,F
Justin Flores,Natividade,Brazil,M
Jimmy Miller,Jolo,Philippines,M
Helen Hawkins,Vreshtas,Albania,F
Jimmy Murray,Vällingby,Sweden,M
Amanda Campbell,Sancti Spíritus,Cuba,F
Norma Hill,Mnogoudobnoye,Russia,F
Lori Foster,Lapachito,Argentina,F
Justin Mason,Alkmaar,Netherlands,M
Earl Clark,Nishiwaki,Japan,M
Evelyn Carpenter,Eldoret,Kenya,F
Arthur Long,Jeżów,Poland,M
Earl Medina,Langtad,Philippines,M
Rachel Bryant,Tambaksumur,Indonesia,F
Wayne Henry,Xamba,China,M
Randy Dunn,Unisław,Poland,M
Randy Cooper,Sula,Philippines,M
Debra Oliver,Paraíso,Costa Rica,F
Donna Franklin,Cieplice Śląskie Zdrój,Poland,F
Bobby Mason,Kanbe,Myanmar,M
Alice Smith,Belo Horizonte,Brazil,F
Cynthia Washington,Rtyně v Podkrkonoší,Czech Republic,F
Anna Harrison,Madingou,Republic of the Congo,F
Juan Castillo,Luci,China,M
Roger Wood,Matsubase,Japan,M
Larry Little,Tabiauan,Philippines,M
Keith Peters,Los Angeles,United States,M
Martha Phillips,Baleal,Portugal,F
Nancy Oliver,Korogan Timur,Indonesia,F
Margaret Hart,Alegria,Philippines,F
Christina Cunningham,Požarevac,Serbia,F
Katherine Mendoza,Fajsławice,Poland,F
Samuel Hill,Cáchira,Colombia,M
Jacqueline Kelly,Boavista,Portugal,F
Ronald Bailey,Itapicuru,Brazil,M
Douglas Weaver,Kugri,China,M
Larry Larson,Jitan,China,M
Sandra Wright,Skoki,Poland,F
Billy Murray,Topi,Pakistan,M
Nicholas Matthews,Pomichna,Ukraine,M
Phyllis Hawkins,Shklo,Ukraine,F
Jerry Cox,Bystrytsya,Ukraine,M
Terry Butler,Perpignan,France,M
Cynthia Armstrong,Medvedovskaya,Russia,F
Albert Spencer,Yessentuki,Russia,M
Phyllis Lawson,Zhaoguli,China,F
Gerald Robertson,Znamenka,Russia,M
Bruce Austin,Polýkastro,Greece,M
Eugene Coleman,Prao,Vietnam,M
Eric Perkins,Caujul,Peru,M
Judith Mccoy,Ifakara,Tanzania,F
Todd Torres,Destrnik,Slovenia,M
Carol Sullivan,Dachong,China,F
Judy Scott,Sanxi,China,F
Heather Welch,Jetafe,Philippines,F
Jason Gray,Tiên Lãng,Vietnam,M
Ann Wagner,Várzea,Portugal,F
Helen Simmons,Yongping,China,F
Shawn Hernandez,Pho Thale,Thailand,M
Kathy James,Izbicko,Poland,F
Amy Simpson,Hanušovice,Czech Republic,F
Phyllis Carter,Shilin,China,F
Kathy Gibson,Krajan Rowokangkung,Indonesia,F
David James,Guaymango,El Salvador,M
Gary Hudson,Chenzhouzhai,China,M
Brian Reid,Banjar Banyualit,Indonesia,M
Ann Morris,Godong,Indonesia,F
Lisa Daniels,Léchovo,Greece,F
Kimberly Mills,Yaozhuang,China,F
Terry Hunt,Xazgat,China,M
Stephanie Elliott,Rzhev,Russia,F
Laura Henderson,El Quebrachal,Argentina,F
Norma Reynolds,Verkh-Usugli,Russia,F
Theresa Kelly,Yongshan,China,F
Stephanie Harris,Fuerte,Philippines,F
Jeremy Hayes,Novo Selo,Bulgaria,M
Kenneth Mills,Nandasmo,Nicaragua,M
Tina Campbell,Changshengqiao,China,F
Joseph Johnston,Daqian,China,M
Kimberly Lewis,Hantsport,Canada,F
Carl Edwards,Bayt Liqyā,Palestinian Territory,M
Rachel Taylor,Cassilândia,Brazil,F
Margaret Vasquez,Villasis,Philippines,F
Marilyn Lewis,Boise,United States,F
Irene Harrison,Dongkan,China,F
Robin Armstrong,Dongchen,China,F
Richard Matthews,Richmond,United States,M
Nicole Welch,Salgado,Brazil,F
Pamela James,Shitong,China,F
Frances Wagner,Xarrë,Albania,F
Brenda Ferguson,Kaducondong,Indonesia,F
Linda Thomas,Lwengo,Uganda,F
Earl Murray,Damatou,China,M
Jeremy Bailey,Liangkou,China,M
Jimmy Kelly,Prince Edward,Canada,M
Tammy Ford,Energetik,Russia,F
Tammy Shaw,San José de Mayo,Uruguay,F
Margaret Perkins,Maribong,Philippines,F
Wayne Lawson,Peukanbada,Indonesia,M
Christina Hart,Pulong Gubat,Philippines,F
Mark George,Beloha,Madagascar,M
Mary Cook,Yongfu,China,F
Jerry Ruiz,Mocoa,Colombia,M
Cheryl Williams,Três Passos,Brazil,F
Richard Welch,Águas Formosas,Brazil,M
Michelle White,‘Ibrī,Oman,F
Diana Bell,Sanghan,Philippines,F
Anthony Henry,Krujë,Albania,M
Justin Richardson,Örbyhus,Sweden,M
Rose Jordan,Yūki,Japan,F
Jeremy Gilbert,Rennes,France,M
Charles Hawkins,Mlonggo,Indonesia,M
Joyce James,Kannus,Finland,F
Virginia Day,Czerniejewo,Poland,F
Deborah Welch,Prakhon Chai,Thailand,F
Samuel Nguyen,Islāmkot,Pakistan,M
Jack Murphy,Banī Suhaylā,Palestinian Territory,M
Bobby Mendoza,Qianchuan,China,M
Jeffrey Hunt,Eg,Mongolia,M
Carl Cole,Kishorganj,Bangladesh,M
Fred King,Shirochanka,Russia,M
Jeremy Lawson,Červená Voda,Czech Republic,M
Rachel Oliver,Cielmice,Poland,F
Matthew Alvarez,Nurlat,Russia,M
Doris Peters,Langchuan,China,F
Steve Austin,Huiyuan,China,M
Frank Knight,Śliwice,Poland,M
Steven Wright,Colombes,France,M
Mildred Lopez,Santa Cruz,Honduras,F
Paul Gomez,Huangze,China,M
Marilyn Johnson,Pittsburgh,United States,F
Philip Duncan,Chinoz,Uzbekistan,M
Sean Perry,Druzhba,Ukraine,M
Christina Armstrong,Fengyang,China,F
Carl Carter,Beloye,Russia,M
Eugene Oliver,Vinsady,Russia,M
Clarence Welch,Sungai Nyamuk,Indonesia,M
Edward Cooper,Jinyuan,China,M
Ruby Boyd,Nanmen,China,F
Frances Henderson,Perpignan,France,F
Scott Wallace,Capacho Nuevo,Venezuela,M
Wanda Torres,El Sombrero,Venezuela,F
Carl Wallace,Bedadung Kulon,Indonesia,M
Kathryn Wallace,Changjiangbu,China,F
Phillip Martinez,Henggang,China,M
Sean Bryant,Västerås,Sweden,M
Judith Carr,Alkmaar,Netherlands,F
George Nichols,San Gabriel,Ecuador,M
Ashley Stone,Marfino,Russia,F
Ernest Powell,Olsztynek,Poland,M
Lisa Jacobs,Visby,Sweden,F
Amanda Carpenter,Jugezhuang,China,F
Frank Scott,Seattle,United States,M
Charles Welch,Bishkek,Kyrgyzstan,M
Heather Cook,Rakai,Uganda,F
George Harris,Byumba,Rwanda,M
Heather Jones,Lorient,France,F
Roger Green,New Haven,United States,M
Clarence Hernandez,Samālūţ,Egypt,M
Wanda Martin,Buni Yadi,Nigeria,F
Arthur Elliott,Villanueva,Philippines,M
Helen Bailey,Sheshory,Ukraine,F
Sandra Holmes,Cimaragas,Indonesia,F
Phillip Hall,Malczyce,Poland,M
Lois Berry,Gaoqiao,China,F
Matthew Torres,Ongjin,North Korea,M
Billy Fernandez,Songmuping,China,M
Kelly Payne,Noailles,France,F
Beverly Lewis,Colonia Mauricio José Troche,Paraguay,F
Antonio Diaz,Abu Dhabi,United Arab Emirates,M
Philip Bishop,Cimuncang,Indonesia,M
Lillian Berry,Walahir,Indonesia,F
Ernest Miller,Asan-Maina Village,Guam,M
Jose Simpson,Taavetti,Finland,M
Joan Alvarez,Kirovskaya,Russia,F
Ann Hayes,Moche,Peru,F
Anthony Ramirez,Bāglung,Nepal,M
Louis Gardner,Xinfeng,China,M
Adam Powell,Boca Chica,Dominican Republic,M
Ann Nelson,Lipnik,Poland,F
Eugene Woods,Duanshen,China,M
Carolyn James,Nueva Cajamarca,Peru,F
Dorothy Jenkins,Chong’ansi,China,F
Susan Banks,Xushangqiao,China,F
Diana Chavez,Contagem,Brazil,F
Amanda Brown,Baabda,Lebanon,F
Fred Miller,Stepanovićevo,Serbia,M
Samuel Reed,Wangon,Indonesia,M
Jessica Henry,Wengaingo,Indonesia,F
Daniel Meyer,Qingquan,China,M
John Welch,Camagüey,Cuba,M
Janet Simpson,Comagascas,Philippines,F
Patrick Berry,Al Buq‘ah,Palestinian Territory,M
Joseph Morales,Ciawitali,Indonesia,M
Alan Austin,Ijebu-Ife,Nigeria,M
Louise Hanson,Pingling,China,F
Ernest Ryan,Ciwaru,Indonesia,M
Nicholas Fields,Huayuan,China,M
Jack Gomez,Shīeli,Kazakhstan,M
Carolyn Schmidt,Yangdun,China,F
Bobby Hawkins,Duekoué,Ivory Coast,M
Heather Mendoza,Santa Cruz La Laguna,Guatemala,F
Jane Turner,Fuying,China,F
Eric Gordon,Wunat,Indonesia,M
Theresa Murphy,San Pedro de Macorís,Dominican Republic,F
Peter Reid,Biñan,Philippines,M
Donald Clark,Kaniv,Ukraine,M
Sharon Sanchez,Ksour Essaf,Tunisia,F
Roy Reed,Ralung,China,M
Ruby Rivera,Tabuny,Russia,F
Henry Smith,Mapaniqui,Philippines,M
Andrea Bennett,Kelīshād va Sūdarjān,Iran,F
Wanda Wood,Huangcun,China,F
Bobby Baker,Gaoping,China,M
Mary Castillo,Bharatpur,Nepal,F
Donna Garza,Novais,Portugal,F
Harold Price,Bielawy,Poland,M
Mark Burton,Vári,Greece,M
Juan Gordon,Lidoríki,Greece,M
Barbara Austin,Cawalo,Indonesia,F
Louise Hunt,Pregrada,Croatia,F
Philip Lewis,Hesheng,China,M
Catherine Cunningham,Sasolburg,South Africa,F
Lillian Diaz,Caluquembe,Angola,F
Maria Carr,Fukiage-fujimi,Japan,F
Joe Johnson,Kafyr-Kumukh,Russia,M
Jose Fox,Berlin,Germany,M
Louis Foster,Sukamaju,Indonesia,M
Joyce Hayes,Klimontów,Poland,F
Rose Ortiz,Zangbawa,China,F
Johnny Thompson,Ras al-Khaimah,United Arab Emirates,M
Frances Turner,La Estrella,Colombia,F
Elizabeth Rivera,Ayapa,Honduras,F
Carolyn Porter,Mehron,Tajikistan,F
Andrea Washington,Puolanka,Finland,F
Douglas Rodriguez,Meijiang,China,M
Joyce Hansen,Kadubadak,Indonesia,F
Heather Wood,Zhoupi,China,F
Kelly Oliver,Kotuń,Poland,F
Chris Lynch,Gikongoro,Rwanda,M
Kenneth Medina,Starokucherganovka,Russia,M
Carl Gomez,Pétionville,Haiti,M
Adam Foster,Olímpia,Brazil,M
Janice Gordon,Santo Niño,Philippines,F
Howard Holmes,Ecilda Paullier,Uruguay,M
Richard Dunn,Arroio do Meio,Brazil,M
Gloria Hall,Qingfa,China,F
Paul Freeman,Ban Bang Kadi Pathum Thani,Thailand,M
Beverly Bell,Kambing,Philippines,F
Ryan Stephens,Negararatu,Indonesia,M
Ashley Freeman,Alannay,Philippines,F
Gerald Crawford,Socabaya,Peru,M
Phillip Hayes,Albion,Mauritius,M
Linda Baker,Asopós,Greece,F
Martha Greene,Ono,Japan,F
Ronald Lynch,Mangge,Indonesia,M
Matthew Woods,Morris,Canada,M
Phyllis Watson,Akhaltsikhe,Georgia,F
Mary Ellis,Usicayos,Peru,F
David Jones,Harembo,Comoros,M
Evelyn Schmidt,Blokdesa Situgede,Indonesia,F
Harold Tucker,Warwick,Canada,M
Jerry Mitchell,Hermanus,South Africa,M
Jeremy Ellis,Gostilitsy,Russia,M
Cheryl Kelley,Machetá,Colombia,F
Katherine King,Kokkónion,Greece,F
Martin Cooper,Jingkou,China,M
Juan Cole,São Julião do Tojal,Portugal,M
Antonio Armstrong,Qiaonan,China,M
Joe Allen,Rzewnie,Poland,M
Beverly Howell,Tabouda,Morocco,F
Christine Green,Bremen,Germany,F
Joe Daniels,Maromme,France,M
Scott Fisher,Pochep,Russia,M
Denise Daniels,Porsgrunn,Norway,F
Clarence Knight,Seltjarnarnes,Iceland,M
Deborah Collins,Yacheng,China,F
Laura Greene,Oslo,Norway,F
Teresa Wood,Mosteiro,Portugal,F
Daniel Watson,Wola Jachowa,Poland,M
Thomas Burns,Yoiqag,China,M
Kathleen Johnson,Sceaux,France,F
Willie Cooper,Meilin,China,M
Keith Chavez,Södertälje,Sweden,M
Diane Dunn,Trogan Barat,Indonesia,F
Mary Day,La Cueva,Bolivia,F
Edward Griffin,Eindhoven,Netherlands,M
Angela Powell,Antas,Portugal,F
Louis Thompson,Goiânia,Brazil,M
Brian Harrison,Khodzha-Maston,Tajikistan,M
Sharon Mcdonald,Tokorozawa,Japan,F
Bobby Nichols,Montecristi,Ecuador,M
Doris Harrison,Saguenay,Canada,F
Michael Vasquez,Keratéa,Greece,M
Bobby Foster,Baumata,Indonesia,M
Andrea Stewart,Nakanojōmachi,Japan,F
Virginia Thomas,Izobil’nyy,Russia,F
Harry Smith,Vaudreuil-Dorion,Canada,M
Martha Medina,Tabuating,Philippines,F
Lisa Meyer,Sychëvo,Russia,F
Cheryl Kim,Seraya,Indonesia,F
Howard Cook,Gressier,Haiti,M
Wanda Stevens,Évry,France,F
Ernest Robinson,Bum Bum,Venezuela,M
Benjamin Turner,Garoua,Cameroon,M
Matthew Hudson,Växjö,Sweden,M
Robert Meyer,Yangchengzhuang,China,M
Martha Gray,Balbagay,China,F
Tina Larson,Joaquín V. González,Argentina,F
Clarence Perkins,Libon,Philippines,M
Catherine Roberts,Xinminxiang,China,F
Howard Carr,Budakovo,Kosovo,M
Michelle Webb,Qingtang,China,F
Keith Cooper,Villiers,South Africa,M
Jesse Woods,Lianhe,China,M
John Washington,Köneürgench,Turkmenistan,M
Terry Hunter,San Mateo,Philippines,M
Andrea George,Parlilitan,Indonesia,F
Marilyn Carroll,Ketangi,Indonesia,F
Gregory Lawrence,Bairro dos Marinheiros,Portugal,M
Gerald Morales,Aix-en-Provence,France,M
Howard Medina,Fuchūchō,Japan,M
Christina Perkins,Kaliasin,Indonesia,F
Frank Mendoza,Xigangzi,China,M
Benjamin Fowler,Lávara,Greece,M
Edward Gardner,Slobodka,Russia,M
Jimmy Hansen,New Cebu,Philippines,M
Annie Cole,‘Arab ar Rashāydah,Palestinian Territory,F
Daniel Nguyen,Mabilang,Philippines,M
Chris Gomez,Guachucal,Colombia,M
Kathryn Flores,Adzopé,Ivory Coast,F
Carlos Ferguson,Coloncito,Venezuela,M
Stephanie Welch,Amper,Nigeria,F
Laura Morrison,Bartsrashen,Armenia,F
Anne Stevens,Hoi,Indonesia,F
Raymond Greene,Yinkeng,China,M
Phyllis Ward,Zuogaimanma,China,F
Brian Mitchell,Mabai,China,M
Todd Rose,San Lorenzo,Argentina,M
William Garrett,Verkhovyna,Ukraine,M
Anthony Ward,Hamburg,Germany,M
Larry Arnold,São Francisco,Brazil,M
Louise Williams,Glatik,Indonesia,F
Virginia Black,Dalududalu,Indonesia,F
Steve Morgan,Ortega,Colombia,M
David Cunningham,Sumurwaru,Indonesia,M
Ronald Adams,Sukamaju,Indonesia,M
Margaret Ward,Thung Song,Thailand,F
Anthony Ryan,Talawi,Indonesia,M
Emily Ryan,Žďár,Czech Republic,F
Katherine Griffin,Danderyd,Sweden,F
Carolyn Gutierrez,Mosteiro,Portugal,F
Phyllis Harrison,Caçador,Brazil,F
Kimberly Rivera,Chattanooga,United States,F
Scott Jones,Longxing,China,M
Joyce Nguyen,Kot Sultan,Pakistan,F
Christina Long,Sasaguri,Japan,F
Timothy Stewart,Mira,Portugal,M
Emily Alexander,Usevia,Tanzania,F
Tina Williamson,Russas,Brazil,F
Ernest Murphy,Xiangtang,China,M
Jesse King,Cartí Suitupo,Panama,M
Mark Williamson,Al Mashāf,Yemen,M
Lawrence Ford,Zhaobaoshan,China,M
James Matthews,Mauren,Liechtenstein,M
Edward Sanchez,Meilisi,China,M
Donna Lopez,San Fernando,Philippines,F
Katherine Robinson,Thomastown,Ireland,F
Jessica Robinson,Nkove,Tanzania,F
Harry Henderson,Shiojiri,Japan,M
Jennifer Henderson,Bratislava,Slovakia,F
Paula Warren,São Manuel,Brazil,F
Albert Harris,Karafao,Indonesia,M
Betty Young,Sadabe,Madagascar,F
Theresa Kelley,Néa Tríglia,Greece,F
Kenneth Powell,Wintzenheim,France,M
David Barnes,Novolugovoye,Russia,M
Ryan Wright,Migues,Uruguay,M
Sara Washington,Farkhor,Tajikistan,F
Fred Berry,Ivot,Russia,M
Alice Payne,Mengxingzhuang,China,F
Sean Henry,Sepatan,Indonesia,M
Kimberly Mendoza,Pruzhany,Belarus,F
Juan Wallace,Shuanglu,China,M
Antonio Bennett,Maofan,China,M
Stephen Ellis,San Jerónimo,Honduras,M
Keith Wagner,Chengdu,China,M
Albert Barnes,Santa Fe,United States,M
Steven Wilson,Tiyuguan,China,M
Brian Day,Charlestown,Saint Kitts and Nevis,M
Virginia Fields,Satuek,Thailand,F
Donald Welch,Sidem,Indonesia,M
Carl Vasquez,Oetutulul,Indonesia,M
Joshua Olson,Mazhu,China,M
Fred Rose,Charqueadas,Brazil,M
Douglas Thompson,Lages,Brazil,M
Judy Griffin,Barakī Barak,Afghanistan,F
Henry Peterson,Shireet,Mongolia,M
Ruth King,Krrabë,Albania,F
Carolyn Allen,Yangdian,China,F
Brandon Chavez,Godong,Indonesia,M
Kathy Gonzales,Liwale,Tanzania,F
Cheryl Harvey,Wanzhi,China,F
Henry Ford,Cipari,Indonesia,M
Harry Ellis,Zongluzui,China,M
Harold Bradley,Nariño,Colombia,M
Frances Stewart,Yemva,Russia,F
Thomas Shaw,Sidomulyo,Indonesia,M
Jerry Rivera,Naples,United States,M
Patricia Hudson,Tours,France,F
Raymond Carroll,Zhongpai,China,M
Beverly Gonzalez,Doba,Chad,F
Patrick Fowler,Belanting,Indonesia,M
Jacqueline Mason,Hinunangan,Philippines,F
Kathy Bradley,Stockholm,Sweden,F
Richard Dixon,Tournai,Belgium,M
Kathy Dean,Būsh,Egypt,F
Laura Knight,Nizhnedevitsk,Russia,F
Julie Ruiz,Detroit,United States,F
Debra Hill,Caieiras,Brazil,F
Nicholas Morris,Thymianá,Greece,M
Nicholas Kelley,Xingfu,China,M
Alice Gonzalez,Chengyang,China,F
Brenda Willis,Srinagarindra,Thailand,F
Joyce Harris,Sanhe,China,F
Philip Diaz,Aya,Russia,M
Louis Oliver,Liujiagou,China,M
Beverly King,Hejiayan,China,F
Pamela Romero,Tilang,Indonesia,F
Ronald Riley,Leku,Ethiopia,M
Alan Harris,Cikuray,Indonesia,M
Tina Gonzales,Ténenkou,Mali,F
Frank Garza,Kenzhe,Russia,M
Ruby Rivera,Ta’erqi,China,F
Randy Black,Macau,Brazil,M
Virginia Grant,Xinjian,China,F
Wanda Diaz,Abejorral,Colombia,F
Jane Medina,Diadema,Brazil,F
Dorothy Mcdonald,Bangekdewa,Indonesia,F
Willie Kennedy,Manjacaze,Mozambique,M
Donna Sullivan,Ribeiro,Portugal,F
Janet Stevens,Astypálaia,Greece,F
Bobby Reid,Yoshida-kasugachō,Japan,M
Clarence Mason,Takehara,Japan,M
Andrea Greene,Mariposa,Peru,F
Nicholas Watson,Texíguat,Honduras,M
Jerry Reed,Chang’an,China,M
Annie Cole,Zawichost,Poland,F
Anthony Watson,Nūbā,Palestinian Territory,M
